단어,뜻
abuse,남용
accident,사고
habit,습관
activity,활동
add,추가하다
adjust,조정하다
administration,관리
advocate,지지하다
analyst,분석자
arrival,도착
highlight,가장 밝은 부분
button,단추
appearance,모습
application,애플리케이션
apply,적용하다
as,~처럼
argument,논쟁
arrange,마련하다
arrangement,준비
hunt,사냥
art,미술
characterize,특징짓다
assessment,평가
asset,유산
back,뒤쪽에
associate,연관짓다
atmosphere,대기
attitude,태도
illustrate,설명하다
audience,청중
author,작가
impose,부과하다
band,밴드
bar,술집
basically,원래
bedroom,침실
belief,믿음
bind,묶다
birth,출생
bomb,폭탄
bond,노예
border,국경
competitor,경쟁자
incident,사건
intelligence,지능
branch,나뭇가지
brand,상표
build,짓다
business,사업
bridge,다리
coverage,적용 범위
crew,승무원
kick,차기
kiss,키스
dependent,매달린
campaign,운동
latter,후자
lock,잠그다
cent,센트
certainly,틀림없이
chain,체인
channel,채널
characteristic,특성
milk,우유
color,색상
origin,기원
church,교회
drag,견인
civil,예의 바른
proportion,비율
reject,거부하다
clothes,옷
course,강의
colleague,동료
formula,공식
combination,콤비네이션
foundation,기반
lip,말뿐인
comment,논평
commission,수수료
commitment,약속
relief,안도
complain,불평하다
component,요소
concentrate,집중하다
condition,상태
margin,여유
content,콘텐츠
contract,계약
contribute,기여하다
pace,속도
corner,모서리
reputation,평판
shoulder,어깨
perception,지각
similarly,비슷하게
crime,범죄
supporter,서포터
symbol,상징
cultural,문화적인
sky,하늘
cream,크림
evolution,진화
example,예
decrease,감소하다
exhaust,배기가스
soul,영혼
delay,지연
specifically,구체적으로
demonstrate,입증하다
extract,발췌
talent,재능
desire,욕구
destroy,파괴하다
direction,방향
distinction,구별
division,분할
doctor,의사
domestic,국내의
iron,철
economy,경제
editor,편집자
elect,선택된
knee,무릎
stem,줄기
engineer,엔지니어
entirely,전적으로
wage,값
wheel,바퀴
escape,탈출하다
winner,우승자
estimate,추정
appointment,약속
here,여기
examine,조사하다
breakfast,아침
excite,일으키다
however,하지만
breast,가슴
capture,포착
celebrate,축하하다
expense,비용
explore,탐구하다
extend,연장하다
childhood,어린 시절
fairly,꽤
farmer,농장주
fear,두려움
feed,밥을 먹이다
closely,면밀히
file,파일
angle,각도
flower,꽃
attribute,기인하다
command,명령
consistent,일관된
core,핵심
frame,액자
bowl,그릇
crop,수확고
gain,얻다
debt,빚
generally,일반적으로
last,마지막
exhibition,전시회
graduate,졸업하다
leave,떠나다
liability,책임
gun,총
life,삶
hall,홀
hang,걸다
line,선
cake,케이크
hire,고용하다
historical,역사적인
host,주인
hotel,호텔
fellow,사람
many,많은
currency,통화
hurt,아프다
ice,얼음
gene,유전자
identity,신원
curve,곡선
image,영상
imagine,상상하다
modify,수정하다
month,월
income,소득
indicate,나타내다
industrial,산업
guard,경비원
insist,주장하다
instrument,기구
depression,우울증
off,끄다
investor,투자자
on,~에
entrance,입구
order,주문하다
accommodation,숙소
flood,홍수
assistant,어시스턴트
party,파티
label,상표
lady,숙녀
boss,사장
past,과거
forecast,예측
jacket,재킷
lawyer,변호사
plan,계획
lesson,수업
bottle,병
license,특허
chemical,화학적인
delight,기쁨
engine,엔진
loan,대출
locate,위치하고 있다
expectation,기대
gentleman,신사
journalist,기자
lake,호수
room,방
mass,대량의
master,주인
meal,식사
landscape,풍경
set,세트
miss,놓치다
mistake,실수
model,모델
mirror,거울
mouse,생쥐
moral,도의적인
morning,아침
participant,참가자
passenger,승객
narrow,좁은
negative,부정적인
neither,어느 것도 아니다
net,그물
nevertheless,그럼에도 불구하고
musician,음악가
noise,소음
none,없음
opponent,상대
occasion,기회
odd,이상한
plate,그릇
snap,스냅
onto,위로
plot,구성
oppose,대들다
producer,생산자
organize,정리하다
phenomenon,현상
original,원래의
stay,머무르다
package,패키지
pair,쌍
shadow,그림자
subject,주제
singer,가수
such,그런
statistic,통계량
substance,물질
summary,요약
permit,허용하다
protein,단백질
teenager,십대
photograph,사진
throat,목
tourism,관광 여행
plenty,풍부한
tower,탑
transition,이행
population,인구
trap,덫
practical,현실적인
presence,있음
president,대통령
principal,주요한
principle,원칙
print,인쇄
prison,감옥
turn,회전하다
professional,전문적인
property,재산
vegetable,채소
row,열
provision,공급
sheet,시트
race,경주
rank,계급
ready,준비가 된
recommendation,추천
water,물
reflect,반영하다
region,지역
shirt,셔츠
relation,관계
relax,안심하다
release,풀어 주다
relevant,관련 있는
which,어느
rely,의존하다
voter,유권자
represent,대표하다
witness,증인
would,~일 것이다
ring,반지
write,쓰다
joint,관절
reserve,예약하다
pupil,학생
sample,견본
scientist,과학자
seat,좌석
secret,비밀
secretary,비서
security,보안
seriously,진지하게
session,세션
pitch,정점
second,두번째
hour,시간
fault,잘못
shoe,구두
shot,발사
god,하나님
sight,시력
sign,징후
signal,신호
muscle,근
enterprise,기업
site,대지
skin,피부
company,회사
slowly,느리게
smile,웃다
symptom,징후
revolution,혁명
amendment,개정
carbon,탄소
square,정사각형
cousin,사촌
insight,통찰력
orange,주황색
tournament,토너먼트
bin,큰 상자
stock,재고
strongly,강하게
structure,구조
studio,사진관
style,스타일
emotion,감정
mother,어머니
succeed,성공하다
slice,일부분
disk,디스크
resolution,해결
suspect,의심하다
switch,스위치
negotiation,협상
welfare,복지
taste,맛
tear,눈물
technology,기술
family,가족
television,텔레비전
temperature,온도
theory,이론
species,종
dozen,다스
tie,묶다
phrase,구절
tool,도구
touch,만지다
gesture,몸짓
city,도시
tradition,전통
bell,벨
disorder,무질서
troop,군대
TRUE,진실
chicken,닭
union,노동 조합
user,사용자
variety,다양성
convention,협약
victim,피해자
violence,폭행
lot,많은
truck,트럭
wake,깨어 있다
mail,우편
wear,입다
weather,날씨
wed,결혼하다
west,서쪽
agenda,의제
gaze,시선
far,멀리
counter,계수기
passage,통로
wood,목재
heavily,무겁게
much,많이
writer,작가
aircraft,항공기
motor,모터
ability,능력
cloud,구름
leather,가죽
inch,인치
above,~위에
abortion,유산
motion,운동
web,편물
absolutely,전적으로
minority,소수
mechanism,기구
accept,수용하다
edition,판
access,입장
trail,자취
circle,원
accord,일치
account,계정
day,낮
era,연대
achieve,성취하다
chairman,의장
manufacturer,제조업체
acquire,습득하다
server,섬기는 사람
pilot,조종사
act,행동
action,행동
active,활동적인
actor,배우
actual,실제
lover,애인
ad,광고
refugee,난민
addition,덧셈
additional,추가의
address,주소
scholar,학자
researcher,연구원
terrorist,테러리스트
admit,인정하다
adopt,입양하다
adult,성인
advance,전진
advantage,이점
servant,하인
advertise,공시 하다
advice,조언
critic,비평가
rival,경쟁자
affair,일
affect,영향을 미치다
afford,여유가 되다
afraid,두려워하는
advertisement,광고
afternoon,오후
log,통나무
draft,초안
drama,드라마
agency,대행사
laboratory,실혐실
agent,대리인
pub,선술집
shelter,대피소
agree,동의하다
agreement,합의
resort,의지
ahead,앞으로
aid,지원
aim,목표
air,공기
end,끝
elderly,연세가 드신
platform,플랫폼
panel,패널
rose,장미
chamber,방
restriction,제한
storage,저장
clause,절
uniform,제복
website,웹사이트
alone,홀로
dish,접시
cooperation,협력
cat,고양이
adjustment,조정
seed,씨앗
cigarette,담배
alternative,대안
tip,팁
chip,칩
coin,동전
amaze,놀리다
gap,갭
magic,마법
amount,양
analysis,분석
mission,사명
area,영역
premise,전제
equation,방정식
faith,믿음
animal,동물
announce,발표하다
castle,성
annual,연간
bias,편견
stake,말뚝
fool,바보
emergency,비상
chocolate,초콜릿
democracy,민주주의
anybody,아무도
column,열
anyone,누구나
professor,교수
anyway,그래도
apart,따로
toy,장난감
it,그것
absence,결석
apparently,보기에
appeal,항소
appear,나타나다
port,포트
appreciate,고마워하다
approach,접근하다
appropriate,적절한
metal,금속
approve,승인하다
car,자동차
bike,자전거
plastic,플라스틱
argue,다투다
virus,바이러스
arm,팔
army,군대
child,어린이
arrest,체포
arrive,도착하다
article,기사
artist,아티스트
logic,논리
blog,블로그
victory,승리
assess,평가하다
fence,울타리
noun,명사
poem,시
association,협회
assume,추정하다
index,색인
journal,신문
cheese,치즈
initiative,계획
vision,비전
capable,유능한
attack,공격
attempt,시도
attend,참석하다
mobile,이동하는
attention,주목
attract,끌어 들이다
efficient,효율적인
over,~위에
suitable,적합한
recognition,인식
luck,운
available,사용 가능
average,평균
avoid,피하다
award,상
aware,알고 있는
report,보고서
participation,참여
survival,활착
baby,아기
background,배경
limitation,한정
opposition,반대
bag,가방
balance,균형
ball,공
expansion,확장
bank,은행
acquisition,인수
presentation,프레젠테이션
assistance,보조
basic,기초적인
basis,기초
announcement,발표
battle,전투
creation,창조
beach,해변
bear,곰
beat,이기다
beautiful,아름다운
registration,등록
development,개발
involvement,참여
bed,침대
legislation,법률 제정
infection,전염병
transportation,운송
laughter,웃음
behavior,행동
behind,뒤에
sanction,제재
entertainment,오락
belong,제자리에 있다
below,아래에
venture,투기
game,게임
work,일하다
benefit,혜택
real,진짜
woman,여성
privilege,특권
anxious,불안해하는
beyond,그 너머에
subsequently,그후
breath,호흡
beer,맥주
universe,우주
bill,청구서
world,세계
membership,멤버십
bird,새
household,가정
virtually,사실상
black,검은색
barely,간신히
though,그렇지만
expenditure,지출
block,차단하다
blood,피
output,산출
blow,불다
blue,파란색
board,판자
boat,보트
body,몸
quantity,수량
excess,과잉
story,이야기
man,남성
compromise,타협
discount,할인
layer,층
deficit,부족
rat,쥐
bottom,맨 아래
country,국가
box,상자
boy,소년
brain,뇌
slope,경사
hill,언덕
county,군
contest,경쟁
adventure,모험
brief,짧은
adviser,고문
bright,밝은
interpretation,해석
wound,상처
broad,넓은
bid,매기다
brother,형제
settlement,합의
sequence,순서
budget,예산
creature,생물
hell,지옥
burn,불타다
unlike,같지 않은
neighborhood,이웃
bus,버스
busy,바쁘다
shade,그늘
territory,지역
desert,사막
zone,존
harbor,항구
province,주
dispute,논쟁
camera,카메라
camp,캠프
approximately,약
naturally,당연히
cancer,암
even,심지어
what,무엇
league,리그
capacity,용량
capital,수도
along,~을 따라
ago,~전에
card,카드
before,~전에
career,직업
soon,곧
carefully,주의하여
always,언제나
carry,나르다
young,어린
cash,현금
whenever,언제든지
ever,항상
originally,원래
meanwhile,그 동안에
catch,잡다
category,범주
during,~동안
then,그 다음에
cell,셀
initially,처음에
central,본부
century,세기
now,지금
certain,확실한
chair,의자
nowadays,요즘에는
challenge,도전
regularly,정기적으로
fascinate,호리다
moderate,보통의
chance,가능성
out,밖으로
chapter,장
character,성격
charge,요금
tail,꼬리
storm,폭풍
bread,빵
belt,벨트
truly,진심으로
cheap,값이 싼
check,확인하다
liquid,액체
framework,뼈대
firstly,첫째로
aggressive,공격적인
chief,셰프
equivalent,동등한
mature,성숙한
smart,똑똑한
choice,선택
choose,선택하다
prompt,즉각적인
circumstance,상황
keen,날카로운
citizen,시민
native,토종의
eastern,동쪽
claim,주장하다
in,~에
no,아니요
contemporary,현대의
clean,깨끗한
poverty,빈곤
clearly,분명히
genuine,진실한
climb,오르다
record,기록
clock,시계
vast,대단한
idea,아이디어
of,~의
club,클럽
coach,코치
historic,역사적인
extraordinary,기이한
corporation,법인
code,암호
coffee,커피
large,크기가 큰
cold,추운
hand,손
collect,모으다
collection,수집
college,대학
fiction,소설
combine,결합하다
album,앨범
mystery,신비
comfortable,편안한
commercial,광고
commit,저지르다
committee,위원회
common,흔한
uncle,삼촌
communication,의사소통
community,지역 사회
house,집
compare,비교하다
comparison,비교
office,사무실
school,학교
competition,경쟁
publisher,발행자
personally,몸소
complete,완벽한
completely,완전히
complex,복잡한
via,~을 통해
widely,넓게
beside,옆에
flexible,유연한
observation,관찰
pleasant,즐거운
controversial,논란이 많은
fortune,행운
effect,효과
computer,컴퓨터
infant,유아
concept,개념
random,무작위의
concert,콘서트
conclude,끝내다
conclusion,결론
distinct,별개의
conduct,지휘하다
confidence,신뢰
coat,코트
confirm,확인하다
conflict,갈등
money,돈
information,정보
connect,연결하다
connection,연결
consequence,결과
gray,회색
yellow,노란색
carpet,양탄자
first,첫 번째
consideration,고려 사항
consist,이루어져 있다
western,서부 사람
airline,공기 호스
absolute,순수한
whole,전체
altogether,전부
construction,건설
exact,정확한
all,모두
literary,문호
consumer,소비자
contact,연락하다
contain,포함하다
urban,도시의
royal,감청색
context,문맥
institutional,기관
presumably,아마도
contrast,차이
contribution,기부금
agricultural,농업
organic,본질적인
political,정치적인
classical,고전
conversation,대화
sexual,성적
convince,확신시키다
cook,요리하다
cool,시원한
public,공공의
abstract,추상적인
copy,복사
corporate,기업
retail,소매
correct,옳은
inner,안의
mental,정신적인
genetic,유전적인
online,온라인
council,이사회
ethnic,민족
count,세다
tank,탱크
inflation,인플레이션
temporary,일시적인
couple,커플
court,법원
dialog,대화
cover,씌우다
accurate,정확한
free,무료
policy,정책
envelope,봉투
roof,지붕
wet,젖은
bloody,피의
offense,위반
festival,제전
credit,신용 거래
hook,훅
crisis,위기
critical,비판적인
destruction,파괴
coal,석탄
cross,십자가
crowd,군중
pot,냄비
cry,울다
culture,문화
cup,컵
profile,윤곽
current,현재의
currently,현재
reliable,믿을 수 있는
architecture,건축학
customer,고객
cut,자르다
cycle,주기
although,하지만
daily,일일
damage,손상
explanation,설명
dance,춤
danger,위험
dangerous,위험한
criteria,기준
dark,어두운
filter,필터
data,데이터
unusual,특이한
date,날짜
daughter,딸
hard,딱딱한
dead,죽은
pollution,오염
dear,~에게
death,죽음
debate,토론
decade 10,년
mess,엉망
decision,결정
depth,깊이
decline,감소
deep,깊은
height,키
phase,단계
defense,방어
injure,해치다
define,정의하다
definitely,분명히
definition,정의
degree,도
deliver,배달하다
delivery,배달
demand,수요
helpful,도움이 되는
universal,만능인
voluntary,자발적인
violent,폭력적인
deny,부인하다
department,부서
depend,의존하다
immediate,즉각적인
chart,차트
alcohol,술
fall,떨어지다
describe,설명하다
description,설명
while,~하는 동안
whilst ...,하는 동안
design,설계
sensitive,예민한
desk,책상
despite,~에도 불구하고
visible,보이는
detail,세부 사항
soft,부드러운
apparent,명백한
determine,결정하다
clear,분명한
potato,감자
device,장치
impression,인상
mood,분위기
die,주사위
electricity,전기
adequate,적절한
difference,차이점
enough,충분한
each,각
difficult,어려운
difficulty,어려움
everywhere,어디에나
test,시험
case,사례
dinner,저녁
direct,직접
directly,곧장
director,감독
good,좋은
stimulate,자극하다
numerous,많은
distant,먼
silver,은
veteran,재향 군인
consultant,컨설턴트
discover,발견하다
reason,이유
discuss,논의하다
discussion,논의
disease,질병
demonstration,데모
extension,확대
further,더 나아가
giant,거대한
display,표시하다
crucial,중대한
distance,거리
remote,원격
sheep,양
pig,돼지
dad,아빠
district,구역
anxiety,불안
motivation,동기 부여
divide,나누다
tension,긴장
joy,기쁨
document,문서
dog,개
dollar,달러
friendship,우정
door,문
double,더블
doubt,의심
hunger,굶주림
concern,우려
grateful,고마워하는
ashamed,부끄러운
confident,자신감
uncertainty,불확실성
draw,그리다
dream,꿈
dress,드레스
drink,마시다
sad,슬픈
driver,운전사
drop,떨어지다
drug,의약품
dry,마른
due,~로 인한
she,그녀
ultimately,궁극적으로
duty,의무
dust,먼지
solid,단단한
steady,꾸준한
earn,벌다
earth,지구
start,시작
easily,쉽게
term,용어
shelf,선반
easy,쉬운
eat,먹다
economic,간결한
edge,가장자리
conventional,전통적인
fruit,과일
boot,신병
education,교육
because,왜냐하면
forever,영원히
effective,효과적인
per,대
so,그래서
why,왜
effort,노력
egg,계란
sir,선생님
format,체재
election,선거
lucky,운이 좋은
hence,따라서
through,~을 통해
element,요소
across,가로질러
else,또 다른
since,~부터
e-mail,이메일
face,얼굴
tennis,테니스
emerge,알려지다
golf,골프
preparation,준비
present,현재의
sale,판매
down,아래에
employ,고용
employee,직원
into,~안으로
alright,괜찮은
empty,비어 있는
enable,~할 수 있게 하다
honest,솔직한
encourage,장려하다
sand,모래
more,더
energy,에너지
engage,관계를 맺다
tall,키가 큰
enjoy,즐기다
empire,제국
tune,곡조
ensure,보장하다
enter,입력하다
government,정부
jury,배심
personnel,인원
entire,전체
bunch,다발
pile,말뚝
type,유형
environment,환경
environmental,환경
sort,종류
equal,동일한
constantly,끊임없이
subsequent,후속
equipment,장비
constant,끊임없는
error,오류
especially,특히
briefly,간단히
essential,필수적인
establish,설립하다
still,아직
late,늦은
frequent,잦은
weekly,주간
evening,저녁
event,이벤트
eventually,결국
prior,이전의
sudden,갑자기
everybody,여러분
routine,루틴
everyone,모든 사람
everything,모든 것
early,일찍
evidence,증거
rapid,빠른
continuous,마디 없는
satisfaction,만족
exactly,정확히
shell,껍데기
bone,뼈
concrete,콘크리트
excellent,훌륭한
except,제외하고
tooth,이빨
important,중요한
exchange,교환
possible,가능한
brilliant,멋진
wealthy,풍부한
executive,경영진
exercise,운동
employment,고용
exist,존재하다
expand,확장하다
thick,두꺼운
sick,아픈
angry,화난
expensive,값비싼
nervous,불안한
experiment,실험
sharp,날카로운
expert,전문가
explain,설명하다
sufficient,충분한
export,내보내다
guilty,죄책감이 드는
old,오래된
express,표현하다
expression,표현
fortunate,운이 좋은
already,이미
extent,정도
awareness,의식
extra,추가의
weak,약한
sure,확신하는
extremely,극도로
possession,소유
variable,변하기 쉬운
facility,시설
creative,창의적인
factor,요인
factory,공장
independence,독립
fail,실패하다
failure,실패
fair,공정한
able,할 수 있는
regional,지역
psychological,심리적
mayor,시장
familiar,친숙한
tight,단단한
famous,유명한
fan,팬
upper,높은
top,맨 위
frequency,빈도
farm,농장
way,방법
fashion,패션
fast,빠른
enormous,막대한
father,아버지
people,사람들
favor,호의
favorite,가장 좋아하는
feature,특징
federal,연방
fee,요금
notion,개념
female,여성
hypothesis,가설
same,같은
whether,~이든
reflection,반사
field,필드
fight,싸움
next,다음
fill,채우다
film,영화
significance,중요성
final,결정적인
finally,마지막으로
finance,재원
financial,재정적인
issue,문제
fine,괜찮은
finger,손가락
finish,마치다
fire,불
firm,단단한
properly,제대로
reasonably,합리적으로
perfectly,아주
fish,물고기
fit,맞다
fix,고치다
stable,안정적인
well,잘
flat,평평한
firmly,단단히
flight,비행
successfully,성공적으로
floor,바닥
flow,흐름
fly,파리
focus,집중하다
hopefully,바라건대
gently,부드럽게
typically,일반적으로
dramatically,극적으로
faithfully,충실히
foot,발
football,축구
automatically,자동으로
literally,문자 그대로
foreign,외국의
forest,숲
significantly,상당히
forget,잊다
somehow,어떻게든
differently,다르게
effectively,효과적으로
furthermore,뿐만 아니라
former,이전의
also,또한
equally,같이
forward,앞으로
precisely,정확히
roughly,대충
rarely,드물게
surprisingly,놀랍게도
freedom,자유
wherever,대체 어디로
against,~에 맞서
southern,남부 지방 사투리
abroad,해외에서
fresh,신선한
overseas,해외
friendly,친숙한
elsewhere,다른 곳
northern,북부 사투리
front,앞쪽
partly,부분적으로
there,거기
among,~중에
full,가득한
fully,충분히
fun,재미있는
function,기능
primarily,주로
fund,축적
respectively,각기
funny,재미있는
at,~에
under,아래에
least,최소
between,~사이
how,어떻게
anywhere,어딘가에
garden,정원
gas,가스
every,모든
gather,모으다
grand,멋진
comprehensive,포괄적인
instruction,지침
database,데이터 베이스
general,일반적인
generate,생성하다
generation,세대
hint,힌트
proof,증거
interior,내부
sake,동기
remarkable,놀랄 만한
attraction,끌어 당김
gift,선물
girl,소녀
if,만약에
glad,기쁜
intervention,간섭
glass,유리
global,글로벌
social,사회의
goal,목표
theoretical,이론적인
gold,금
product,제품
furniture,가구
profession,직업
evaluation,평가
only,오직
maintenance,유지
spare,여분의
grade,등급
piano,피아노
gentle,온화한
experience,경험
wise,지혜로운
silly,바보 같은
grant,승인하다
stupid,멍청한
shore,지주
coast,해안
estate,사유지
big,큰
green,녹색
wealth,재산
ocean,대양
ground,지면
long,긴
cow,암소
growth,성장
guarantee,보장하다
guess,추측하다
guest,손님
guide,가이드
substantial,상당한
considerable,많은
guy,남자
hair,머리카락
extensive,광범위한
maximum,최고
handle,핸들
permanent,영구적인
after,~후에
happy,행복하다
discovery,발견
divorce,이혼
hardly,거의 ~ 아니다
power,힘
ownership,소유권
hate,싫어하다
secondary,반성
pale,창백한
comedy,코메디
health,건강
healthy,건강한
probably,아마
heart,마음
heat,열
medicine,약
heavy,무거운
menu,메뉴
catalog,목록
small,작은
somewhat,약간
alive,살아 있는
around,약
knife,칼
herself,그녀 자신
nerve,신경 이상
tube,튜브
hide,숨다
valley,골짜기
highly,고도로
rail,레일
himself,그 자신
mortgage,저당
tender,부드러운
minimum,최저한의
printer,인쇄기
hit,때리다
golden,황금
wooden,멍청한
hole,구멍
holiday,휴일
prime,초기
implementation,구현
loud,시끄러운
quietly,조용히
reduction,절감
attractive,매력적인
person,사람
horse,말
hospital,병원
hot,더운
multiple,다수의
often,자주
fuel,연료
huge,거대한
human,인간
capability,능력
dimension,차원
surgery,수술
husband,남편
letter,편지
salary,샐러리
compensation,보상
identify,식별하다
deposit,보증금
ignore,무시하다
evil,사악한
increasingly,더욱 더
several,여러 개의
mom,엄마
grandmother,할머니
up,위로
immediately,즉시
to,에게
promotion,홍보
very,매우
strict,엄격한
salt,소금
together,함께
importance,중요성
by,~에 의해
impossible,불가능한
most,최대
vital,필수적인
thirst,갈증
improve,개선하다
improvement,개선
innovation,혁신
close,닫다
anymore,더 이상
silence,고요
illegal,불법적인
nothing,아무것도 아님
unable,할 수 없는
indeed,물론
unlikely,~할 것 같지 않은
independent,독립적인
crazy,미친
within,이내에
individual,개인
industry,산업
dirty,더러운
open,열려 있는
rare,희귀한
influence,영향
inform,알리다
never,절대
initial,초기의
unknown,알려지지 않은
nearby,가까운
bad,나쁜
little,작은
innocent,순결한
light,빛
away,떨어져 있는
low,낮은
inside,내부에
badly,심하게
nowhere,어디에도
confusion,착란
instance,사례
instead,대신에
institution,기관
lazy,게으른
few,약간의
insurance,보험
pure,순수한
different,다른
new,새로운
intend,의도하다
fancy,팬시한
FALSE,거짓
rough,거친
minor,미성년자
internal,내부
international,국제적인
silent,조용한
ordinary,평범한
thin,얇은
interview,회견
loose,헐렁한
introduce,소개하다
introduction,소개
occasionally,가끔
invest,투자하다
investigate,조사하다
investigation,조사
investment,투자
ill,아픈
invite,초대하다
one,하나
group,그룹
island,섬
density,밀도
age,나이
item,목
itself,그 자체
he,그
gradually,서서히
join,가입하다
monthly,월간 간행물
weird,기이한
about,~에 대한
democratic,민주주의
intellectual,지적인
judge,판사
judgment,심판
jump,도약
brown,갈색
qualification,자격
frequently,자주
fat,지방
right,오른쪽
today,오늘
key,열쇠
kid,어린이
kill,죽이다
a,에이
any,어느
kitchen,주방
another,또 다른
again,다시
ski,스키
knowledge,지식
labor,노동
planet,행성
lack,부족
land,땅
either,어느 하나
once,한 번
largely,크게
kind,친절한
laugh,웃다
almost,거의
launch,시작하다
law,법
lay,놓다
merely,그저
just,단지
liberal,많은
leader,지도자
leadership,지도
electronic,전자
folk,사람들
civilian,일반 민간인
charity,자선 단체
supplier,공급업체
establishment,설립
base,베이스
left,왼쪽
leg,다리
legal,합법적인
besides,게다가
forth,앞으로
length,길이
yard,마당
external,외부
panic,공황
portrait,초상화
pink,분홍색
library,도서관
lie,거짓말하다
lift,승강기
segment,분절
share,공유하다
likely,~할 것 같은
limit,한계
portion,부분
link,링크
wing,비행
list,목록
listen,듣다
mind,정신
neck,목
eye,눈
literature,문학
nose,코
tongue,혀
load,짐
module,기준 치수
location,위치
fragment,파편
emphasis,중요성
ideal,이상적인
week,주
gay,게이
immigrant,이민
loss,손실
hero,영웅
peer,또래
lovely,사랑스러운
employer,고용주
member,회원
substitute,대리자
you,너
lunch,점심
student,학생
machine,기계
athlete,운동 선수
magazine,잡지
champion,챔피언
main,기본
mainly,주로
maintain,유지하다
governor,지사
major,주요한
majority,다수
holder,보유자
specialist,전문가
male,남성
poet,시인
manage,관리하다
management,관리
manager,관리자
manner,방법
manufacture,제조
friend,친구
map,지도
maker,만드는 사람
mark,표시
this,이것
marriage,결혼
marry,결혼하다
personality,성격
match,성냥
parent,조상
material,재료
injury,부상
illustration,삽화
curtain,커튼
flag,깃발
skirt,치마
maybe,아마도
tissue,조직
gate,문
stomach,위
measure,측정하다
center,센터
jail,교도소
gallery,갱도
medical,의료
home,집
medium,중간
intention,의도
program,프로그램
grass,잔디
memory,메모리
musical,뮤지컬
mention,언급하다
opera,오페라
proud,자랑스러운
poetry,시
tent,텐트
message,메시지
approval,승인
implication,함축
method,방법
middle,가운데
vessel,선박
mile,마일
military,군대
passion,열정
mine,내 거
conservative,보수적인
minister,장관
cost,비용
matter,문제
formation,형성
publication,출판
mix,혼합
recovery,회복
interaction,상호 작용
market,시장
withdraw,철회하다
modern,현대의
penalty,패널티
justice,정당성
humor,기분
beauty,아름다움
monitor,감시 장치
charm,매력
darkness,어둠
stability,안정
weakness,약점
moreover,게다가
tendency,성향
scope,범위
mostly,주로
class,수업
resistance,저항
state,상태
pension,연금
job,직업
emotional,감정적인
mountain,산
mouth,입
academic,학생
movement,움직임
movie,영화
criminal,범인
scientific,과학적인
murder,살인
romantic,로맨틱
museum,박물관
clinical,객관적인
structural,구조적인
local,현지의
racial,인종
myself,내 자신
rural,시골의
educational,교육적인
fundamental,근본적인
nation,국가
national,국가의
presidential,대통령
natural,자연스러운
calm,침착한
nature,자연
near,가까운
inquiry,문의
nearly,거의
necessarily,필연적으로
necessary,필요한
honor,명예
permission,허가
high,높은
moon,달
guideline,지침
neighbor,이웃
grammar,문법
acceptable,허용 가능한
too,~도
network,회로망
complaint,불평
autumn,가을
news,소식
newspaper,신문
paragraph,절
nice,멋진
grain,곡물
period,기간
nobody,아무도
nor ...,도 아니다
normal,정상
normally,보통
north,북쪽
religion,종교
system,체계
apartment,아파트
mutual,상호간의
notice,알아채다
essay,수필
episode,삽화
novel,소설
alongside,함께
plain,솔직한
aunt,이모
nuclear,핵무기
mere,호수
town,도시
nurse,간호사
object,물체
objective,목적
pocket,포켓
stamp,우표
observe,관찰하다
obvious,분명한
obviously,확실히
bit,조금
stream,개울
occur,발생하다
cap,캡
less,더 적은
cheek,볼
snow,눈
answer,답변
officer,장교
official,공식적인
part,부분
oil,기름
okay,좋아요
prisoner,죄인
dealer,상인
designer,디자이너
pro,찬성
buyer,사는 사람
politician,정치가
slave,노예
operate,작동하다
operation,작업
shareholder,주주
opinion,의견
opportunity,기회
opposite,반대
listener,경청자
option,옵션
historian,역사가
ally,동맹국
operator,연산자
enemy,적
organization,조직
volunteer,자원 봉사자
mate,친구
otherwise,그렇지 않으면
ought,영
reporter,보고자
stranger,낯선 사람
supplement,보충
variation,변화
problem,문제
outside,밖의
other,다른
overall,전반적인
luxury,사치
achievement,성취
mixture,혼합물
impressive,인상적인
owner,소유자
time,시간
pack,팩
page,페이지
pain,통증
paint,페인트
exception,예외
hat,모자
paper,종이
classic,권위 있는
biological,생물학적
disaster,재해
park,공원
burden,부담
participate,참가하다
incentive,자극
particular,특정한
particularly,특히
smooth,매끄러운
partner,파트너
outcome,결과
pass,통과하다
composition,구성
priority,우선 사항
path,길
patient,인내심 있는
pattern,무늬
pause,정지시키다
fact,사실
payment,지불
peace,평화
preference,선호
compound,화합물
prize,상
constraint,강제
indication,표시
obligation,의무
visual,시각적
percent,퍼센트
percentage,백분율
perfect,완벽한
assumption,추정
perform,공연하다
performance,성능
perhaps,아마도
thing,물건
pen,펜
rather,꽤
personal,개인의
tone,음정
alarm,경보
music,음악
perspective,관점
representation,대표
celebration,축하
ceremony,의식
phone,핸드폰
photo,사진
gear,기어
physical,물리적
rate,비율
pick,선택하다
picture,그림
piece,조각
championship,선수권 대회
from,~에서
ease,쉬움
gender,성별
attendance,출석
existence,존재
comfort,편안
exposure,노출
plane,비행기
happiness,행복
plant,식물
complexity,복잡성
diversity,다양성
stair,계단
player,플레이어
tale,이야기
please,제발
pleasure,기쁨
plus ...,을 더한
side,옆
guitar,기타
attachment,부착
barrier,장벽
philosophy,철학
police,경찰
history,역사
mathematics,수학
politics,정치
dramatic,극적인
flash,플래시
pool,수영장
poor,가난한
pop,팝
popular,인기 있는
formal,공식적인
number,숫자
lecture,강의
position,위치
positive,긍정적인
sweet,달콤한
examination,시험
possibility,가능성
exam,시험
possibly,혹시
post,우편
potentially,잠재적으로
concentration,집중
potential,잠재적인
imagination,상상력
pound,파운드
selection,선택
entry,기입
immigration,이민
powerful,강한
practice,관행
bath,욕조
shower,샤워
east,동쪽
measurement,측정
predict,예측하다
prefer,선호하다
chest,가슴
outline,개요
king,왕
meat,고기
unemployment,실업
prepare,준비하다
ear,귀
half,반
I,나
prospect,전망
press,누르다
pressure,압력
discipline,규율
narrative,이야기
pretty,예쁜
prevent,예방하다
previous,이전의
previously,이전에
peak,정점
diet,다이어트
self,본인
primary,주요한
consequently,따라서
string,끈
wire,철사
book,책
anything,아무것
private,사적인
something,무엇
brush,브러시
view,보다
clothing,의류
careful,주의 깊은
future,미래
procedure,절차
proceed,진행하다
pregnancy,임신
produce,생산하다
retirement,퇴직
production,생산
night,밤
deeply,깊이
submit,제출하다
profit,이익
acknowledge,인정하다
progress,진전
project,프로젝트
promise,약속하다
promote,홍보하다
pretend,~인 척하다
behave,행동하다
help,돕다
proper,적절한
do,하다
proposal,제안
propose,제안하다
process,프로세스
protect,보호하다
protection,보호
crack,금이 가다
seem,~인 것 같다
prove,입증하다
question,질문
bless,신을 하다
spell,주문
can,~할 수 있다
live,살다
attach,붙이다
feel,느끼다
pull,당기다
hear,듣다
purchase,구입
exceed,초과하다
purpose,목적
sit,앉다
push,푸시
remain,유지하다
differ,다르다
regret,후회
quality,품질
result,결과
quarter 4,분의 1
lose,잃다
quick,빠른
quickly,빠르게
quiet,조용한
need,필요
stand,서다
quote,인용하다
freeze,꼭 매달리게 하다
recover,다시 덮다
radio,라디오
disappear,사라지다
rain,비
raise,들어올리다
undertake,맡다
range,범위
become,~이 되다
arise,생기다
react,반응하다
expect,예상하다
reckon,세다
lean,기대다
burst,터지다
split,나뉘다
sigh,한숨을 쉬다
remember,기억하다
import,수입
reaction,반응
construct,건설하다
reader,리더
insure,안전하게 하다
reality,현실
realize,깨닫다
love,사랑
send,보내다
embarrass,당황하게 하다
reasonable,합리적인
move,이동하다
recall,상기하다
convert,전환하다
recent,최근의
recently,최근에
update,업데이트
adapt,적응하다
recognize,인정하다
recommend,추천하다
transform,변환
translate,번역하다
edit,편집하다
red,빨간색
reduce,줄이다
wipe,닦음
refer,나타내다
reference,참조
shut,닫다
reform,개정
integrate,통합
refuse,거절하다
regard,관심
follow,따르다
return,반품
register,등록하다
reach,도달하다
meet,만나다
regular,정기적인
cluster,무리
compose,구성하다
regulation,규제
relate,말하다
relationship,관계
relative,상대적인
relatively,비교적
eliminate,제거하다
retain,유지하다
religious,종교의
drive,운전하다
wrap,포장하다
make,만들다
invent,꾸미다
remind,상기시키다
cope,코프
remove,제거하다
rent,임차료
devote,바치다
repeat,반복하다
replace,바꾸다
reply,회신하다
want,원하다
price,가격
representative,대표
request,요구
require,필요하다
requirement,요구 사항
weigh,달다
research,연구
grow,자라다
resident,거주자
derive,파생하다
control,제어
detect,감지하다
find,찾다
consult,찾다
exhibit,전시하다
resource,의지
respect,존경
play,놀다
respond,대답하다
response,응답
responsibility,책임
responsible,책임이 있는
rest,나머지
restaurant,식당
fulfill,다하다
rush,서두르다
use,사용
continue,계속하다
begin,시작하다
solar,태양열
consume,소비하다
be BE,
anticipate,예상하다
reveal,드러내다
revenue,수익
undergo,받다
review,검토
show,보여주다
praise,칭찬
protest,항의
neglect,소홀히 하다
rich,부자
admire,존경하다
ride,타다
occupy,점유하다
rise,증가
risk,위험
river,강
road,도로
rock,바위
role,역할
roll,연타
resolve,해결하다
calculate,믿다
root,뿌리
compute,계산하다
like,좋다
round,둥근
route,노선
trace,추적하다
stop,멈추다
repair,수리하다
rule,규칙
study,공부하다
specialize,전문화하다
chase,뒤쫓다다
safe,안전한
safety,안전
pursue,추구하다
cough,기침
evaluate,평가하다
poll,투표
learn,배우다
recruit,모집
buy,구입하다
receive,받다
deserve,~받을 만하다
satisfy,풀다
save,구하다
qualify,자격을 갖추다
scale,규모
persuade,설득하다
excuse,변명
scene,장면
schedule,일정
scheme,계획
communicate,의사소통하다
support,지원하다
science,과학
pay,지불하다
deal,거래
score,점수
justify,신이 옳다고 하다
screen,화면
sea,바다
assign,양수인
search,찾다
season,계절
reward,보상
offer,권하다
entitle,제목
section,부분
sector,부문
secure,안전한
lend,빌려주다
yield,생산하다
seek,구하다
dedicate,전념하다
sink,싱크대
select,선택하다
reverse,뒤집다
accompany,따르게 하다
sell,팔다
visit,방문하다
senior,상위
sense,감각
develop,개발하다
sentence,문장
separate,분리된
distribute,분배하다
series,시리즈
serious,심각한
give,주다
serve,제공하다
disagree,맞지 않다
negotiate,협상하다
settle,해결하다
mean,평균
think,생각하다
keep,유지하다
sex,섹스
dare,도전
know,알다
shake,떨림
shall,~일 것이다
shape,모양
involve,관련시키다
encounter,맞닥뜨리다
possess,붙잡다
dominate,빼어나게 솟다
correspond,대응하다
assist,돕다
boost,후원
sponsor,스폰서
shift,옮기다
crash,충돌
ship,배
shock,충격
shoot,사격
shop,가게
tap,수도꼭지
short,짧은
knock,노크
embrace,포옹하다
harm,피해
incorporate,포함하다
point,가리키다
unite,맞잡다
isolate,분리하다
preserve,보존하다
understand,이해하다
significant,중요한
resign,사직하다
abandon,버리다
allow,허용하다
underlie,밑바탕이
counsel,조언
similar,비슷한
simple,단순한
simply,간단히
care,케어
sing,노래하다
single,하나의
read,읽다
watch,보다
sister,자매
stare,응시
glance,섬광
situation,상황
size,크기
scan,주사
skill,기능
fade,바래다
service,서비스
sleep,잠
sustain,지속시키다
alter,바꾸다
decide,결정하다
slightly,약간
boom,팔
pour,붓다
slow,느린
swear,욕을 하다
scream,비명
bet,내기
smoke,연기
try,노력하다
provide,제공하다
shine,빛나는
craft,선박
society,사회
revise,개정하다
software,소프트웨어
note,메모
soldier,군인
complicate,복잡하게
solution,해결책
solve,해결하다
change,변화
somebody,어떤 사람
increase,증가하다
someone,누구
regulate,규제하다
sometimes,때때로
impress,날인
somewhere,어딘가에
son,아들
song,노래
frighten,놀라다
sorry,죄송합니다
trick,장난
motivate,동기 부여
source,원천
south,남쪽
scare,공황
space,공간
depress,기를 꺾다
inspire,고무하다
speaker,스피커
special,특별한
anger,화
bore,구경
interest,관심
specific,특정한
speech,연설
speed,속도
include,포함하다
enhance,향상시키다
stretch,뻗기
spirit,영혼
cause,원인
ban,반
sport,스포츠
spot,점
spread,확산
spring,봄
bend,만곡부
seal,밀봉하다
staff,직원
stage,단계
trigger,방아쇠
strengthen,강하게 하다
confuse,혼란시키다
assure,확신하다
level,수준
standard,기준
star,별
constitute,구성하다
comprise,이루다
pump,펌프
statement,성명
station,역
status,상태
create,만들다
stain,얼룩
step,단계
stick,막대
greet,환영하다
suggest,제안하다
cite,인용문
stone,결석
stir,젓다
breathe,숨 쉬다
store,가게
wander,떠돌다
leap,뛰다
straight,똑바로
dig,파기
strange,이상한
fold,겹
strategy,전략
put,놓다
street,거리
strength,힘
go,가다
stress,스트레스
hurry,서두르다
slide,슬라이드
strike,스트라이크
swing,그네
come,오다
walk,걷다
strong,강한
run,달리다
struggle,고심하다
owe,빚지다
rid,제거하다
stuff,물건
disappoint,어긋나게 하다
let,허락하다
perceive,감지하다
distinguish,구별하다
get,얻다
appoint,정하다
success,성공
successful,성공적인
govern,통치하다
mount,산
suddenly,갑자기
suffer,시달리다
have,가지다
call,부르다
take,가져가다
suggestion,제안
suit,정장
situate ...,을 놓다
sum,합집합
click,딸깍 하는 소리
summer,여름
sun,해
bite,깨물다
restrict,얽매다
supply,공급
exclude,들어오지 못하게 하다
suppose,가정하다
breed,새끼를 낳다
defend,지키다
surface,표면
input,입력
surprise,놀라다
restore,복원하다
surround,주변
survey,조사
pose,포즈
survive,생존하다
place,장소
bury,묻다
grab,붙잡다
borrow,빌리다
sweep,스위프
swim,헤엄
interpret,해석하다
rescue,구조하다
remark,주목
table,테이블
value,값
tell,말하다
joke,농담
blame,탓하다
damn,젠장
declare,선언하다
apologize,사과하다
accuse,고발하다
tape,줄자
target,목표
task,일
tax,세
taxi,택시
tea,차
teach,가르치다
teacher,선생님
team,팀
technical,인위적인
technique,기술
telephone,전화
criticize,흠잡다
talk,말하다
tend,추세
ask,묻다
steal,훔치다
broadcast,방송
dismiss,해고하다
cast,깁스
break,부서지다
install,설치하다
expose,폭로하다
lead,선두
slip,슬립
text,텍스트
evolve,진화하다
grin,이를 드러내고 웃다
shout,외침
ruin,망치다
theater,극장
theme,주제
themselves,그들 자신
implement,구현하다
found,설립하다
summarize,요약
allege,주장하다
therefore,그러므로
specify,명시하다
float,뜨다
cancel,취소
hesitate,망설이다
disturb,방해하다
suspend,유예하다
retire,은퇴하다
threat,위협
threaten,위협하다
emphasize,강조하다
throughout,~내내
throw,던지다
thus,따라서
ticket,표
urge,충고하다
till ...,까지
analyze,분석하다
win,이기다
tire,타이어
overcome,극복하다
title,제목
accomplish,성취하다
collapse,무너지다
imply,암시하다
tomorrow,내일
advise,권하다
tackle,태클
tonight,오늘 밤
entertain,즐겁게 하다
bring,가져오다
happen,일어나다
topic,주제
total,총
totally,완전히
tough,힘든
tour,관광
tourist,관광객
strip,조각
toward,~을 향하여
bother,신경 쓰다
chat,채팅
whisper,속삭임
track,길
trade,거래
traditional,전통적인
traffic,교통
educate,기르다
thank,감사하다
transfer,옮기다
aside,곁에
consider,고려하다
transport,수송
believe,믿다
travel,여행하다
treat,대하다
treatment,치료
tree,나무
trend,경향
trial,재판
stroke,뇌졸중
sail,돛
trip,여행
trouble,문제
resist,저항하다
compete,경쟁하다
trust,신뢰하다
truth,진실
spin,회전
twist,트위스트
look,바라보다
twice,두 배
figure,수치
hold,잡고 있다
spend,경비
typical,전형적인
force,힘
say,말하다
speak,말하다
see,보다
smell,냄새가 나다
march 3,월
unclear,불분명함
defeat,패배시키다
pray,기도하다
strain,부담
soil,토양
head,머리
rear,뒤쪽
unfortunately,안타깝게도
journey,여행
unique,고유한
unit,단위
therapy,요법
upset,속상한
van,봉고차
university,대학교
pipe,파이프
unless,~하지 않는 한
twin,쌍
ratio,비율
vice,바이스
climate,기후
blind,눈이 먼
raw,날것의
upon ...,에
beneath,~아래에
illness,병
word,단어
meter,미터
year,년도
useful,유용한
usual,보통
usually,대개
minute,분
ugly,못생긴
yet,아직
until,~까지
could,~할 수 있었다
but,하지만
various,다양한
vary,달라지다
ourselves,우리 스스로
vehicle,차량
everyday,매일
actually,실제로
version,버전
with,~와 함께
might,~할 것 같다
secondly,둘째로
should,~해야 한다
or,또는
some,일부
the,그만큼
video,동영상
we,우리
village,마을
they,그들
and,그리고
both,둘 다
must,~해야 하다
without,없이
versus,~대
visitor,방문객
for,~을 위한
that,저것
voice,목소리
volume,용량
may 5,월
than,~보다
vote,투표
wait,기다리다
will,~할 것이다
wall,벽
functional,기능적인
electric,전기 같은
war,전쟁
warm,따뜻한
warn,경고하다
wash,씻다
waste,쓰레기
digital,디지털
wave,파도
experimental,실험적인
train,기차
really,정말
precise,정밀한
mad,미친
terrible,끔찍한
weapon,무기
awful,끔찍한
severe,극심한
weekend,주말
massive,엄청난
fantastic,환상적
weight,무게
great,엄청난
welcome,환영
extreme,극심한
greatly,매우
radical,근본적인
ancient,고대의
newly,최근
whatever,무엇이든
moment,순간
parallel,평행한
slight,근소한
whereas,반면
steel,강철
intense,극심한
horrible,끔찍해
tiny,매우 작은
quite,상당히
white,하얀색
form,형태
curious,궁금한
competitive,경쟁력 있는
wide,넓은
sound,소리
wife,부인
wild,야생의
mode,방법
yes,예
wind,바람
window,창문
wine,와인
custom,관습
winter,겨울
who WHO,
food,음식
name,이름
wish,소망
probability,개연성
hello,안녕하세요
hi,안녕
excitement,흥분
wonder,궁금하다
wonderful,아주 멋진
invitation,초대
pregnant,임신한
youth,청년
worker,노동자
pride,자부심
worry,걱정하다
worth,가치
hope,희망
boundary,경계
wrong,잘못된
rice,쌀
yeah,응
sugar,설탕
determination,결정
cable,케이블
yesterday,어제
surely,확실히
rapidly,급속히
regardless,~에 관계없이
not,~아니다
yourself,당신 자신
verb,동사
when,언제
where,어디
candidate,후보자
language,언어
conference,회의
efficiency,능률
partnership,공동
valuable,귀중한
criticism,비판
own,소유하다
