abuse,남용하다/학대하다
accident,사고
habit,습관
activity,활동
add,더하다/추가하다
adjust,조정하다
administration,관리/행정
advocate,지지하다/옹호하다
analyst,분석가
arrival,도착
highlight,강조하다
button,버튼/단추
appearance,외모/등장
application,지원/적용
apply,지원하다/적용하다
as,~로서/~처럼
argument,주장/논쟁
arrange,마련하다/배열하다
arrangement,준비/배열
hunt,사냥하다
art,예술/미술
characterize,특징짓다
assessment,평가
asset,자산
back,뒤로/등
associate,연관시키다/동료
atmosphere,대기/분위기
attitude,태도
illustrate,설명하다/삽화를 넣다
audience,청중
author,작가/저자
impose,부과하다/강요하다
band,밴드/띠
bar,술집/막대기
basically,기본적으로
bedroom,침실
belief,믿음/신념
bind,묶다/결속시키다
birth,탄생/출생
bomb,폭탄
bond,유대/채권
border,국경/경계
competitor,경쟁자
incident,사건
intelligence,지능/정보
branch,나뭇가지/지점
brand,브랜드/상표
build,짓다/건축하다
business,사업
bridge,다리
coverage,보도/적용 범위
crew,승무원/팀
kick,차다
kiss,키스/키스하다
dependent,의존하는
campaign,캠페인/운동
latter,후자의
lock,잠그다/자물쇠
cent,센트
certainly,틀림없이/확실히
chain,사슬/체인
channel,채널/경로
characteristic,특징/특유의
milk,우유
color,색/색깔
origin,기원/출신
church,교회
drag,끌다
civil,시민의/민사의
proportion,비율/부분
reject,거절하다/거부하다
clothes,옷
course,강의/과정
colleague,동료
formula,공식
combination,조합/결합
foundation,기초/재단
lip,입술
comment,논평/언급
commission,위원회/수수료
commitment,약속/헌신
relief,안도/구호
complain,불평하다
component,구성 요소
concentrate,집중하다
condition,조건/상태
margin,여백/차이
content,내용/만족하는
contract,계약/수축하다
contribute,기여하다
pace,속도/걸음
corner,모퉁이/구석
reputation,평판/명성
shoulder,어깨
perception,지각/인식
similarly,비슷하게
crime,범죄
supporter,지지자/후원자
symbol,상징/기호
cultural,문화적인
sky,하늘
cream,크림
evolution,진화/발전
example,예/본보기
decrease,감소하다/줄다
exhaust,기진맥진하게 하다/배기가스
soul,영혼/마음
delay,지연/미루다
specifically,구체적으로
demonstrate,입증하다/시위하다
extract,추출하다/발췌
talent,재능/장기
desire,욕구/바라다
destroy,파괴하다
direction,방향/지시
distinction,구별/차이
division,분할/부서
doctor,의사
domestic,국내의/가정의
iron,철/다리미
economy,경제
editor,편집자
elect,선출하다
knee,무릎
stem,줄기/유래하다
engineer,엔지니어/기술자
entirely,전적으로/완전히
wage,임금/급여
wheel,바퀴/핸들
escape,탈출하다/피하다
winner,우승자/승리자
estimate,추정하다/견적
appointment,약속/임명
here,여기에
examine,조사하다/검토하다
breakfast,아침 식사
excite,흥분시키다
however,하지만/그러나
breast,가슴/유방
capture,포착하다/사로잡다
celebrate,축하하다/기념하다
expense,비용/지출
explore,탐험하다/탐구하다
extend,연장하다/확장하다
childhood,어린 시절
fairly,꽤/공정하게
farmer,농부
fear,두려움/공포
feed,먹이를 주다
closely,면밀히/가까이
file,파일/서류
angle,각도/관점
flower,꽃
attribute,~의 탓으로 돌리다/속성
command,명령/명령하다
consistent,일관된
core,핵심
frame,틀/액자
bowl,그릇
crop,작물/수확
gain,얻다/이익
debt,빚/부채
generally,일반적으로
last,마지막의/지속되다
exhibition,전시회
graduate,졸업하다/졸업생
leave,떠나다/남기다
liability,책임/부채
gun,총
life,삶/생명
hall,홀/복도
hang,걸다/매달다
line,선/줄
cake,케이크
hire,고용하다
historical,역사적인
host,주인/진행자
hotel,호텔
fellow,동료/녀석
many,많은
currency,통화/화폐
hurt,다치게 하다/아프다
ice,얼음
gene,유전자
identity,정체성/신원
curve,곡선/굽다
image,이미지/인상
imagine,상상하다
modify,수정하다/변경하다
month,달/월
income,소득/수입
indicate,나타내다/가리키다
industrial,산업의
guard,경비원/보호하다
insist,주장하다/고집하다
instrument,기구/악기
depression,우울증/불경기
off,떨어져/꺼진
investor,투자자
on,~위에/계속하여
entrance,입구/입장
order,주문/순서/명령
accommodation,숙박 시설
flood,홍수/물에 잠기게 하다
assistant,조수/보조
party,파티/일행/정당
label,라벨/상표
lady,숙녀
boss,상사/사장
past,과거/지나서
forecast,예측/예보
jacket,재킷
lawyer,변호사
plan,계획/계획하다
lesson,수업/교훈
bottle,병
license,면허/허가
chemical,화학적인/화학물질
delight,기쁨/즐겁게 하다
engine,엔진
loan,대출/빌려주다
locate,위치시키다/찾아내다
expectation,기대/예상
gentleman,신사
journalist,기자/언론인
lake,호수
room,방/공간
mass,질량/대중
master,주인/달인
meal,식사
landscape,풍경/경치
set,놓다/세트
miss,놓치다/그리워하다
mistake,실수/잘못
model,모델/모형
mirror,거울
mouse,쥐/마우스
moral,도덕적인/교훈
morning,아침
participant,참가자
passenger,승객
narrow,좁은/좁아지다
negative,부정적인
neither,어느 것도 아니다
net,그물/순~
nevertheless,그럼에도 불구하고
musician,음악가
noise,소음
none,아무도/아무것도
opponent,상대/반대자
occasion,경우/행사
odd,이상한/홀수의
plate,접시/판
snap,딱 소리내다/스냅 사진
onto,~위로
plot,줄거리/음모
oppose,반대하다
producer,제작자/생산자
organize,조직하다/준비하다
phenomenon,현상
original,원래의/독창적인
stay,머무르다/유지하다
package,패키지/소포
pair,쌍/짝
shadow,그림자
subject,주제/과목/피험자
singer,가수
such,그러한
statistic,통계/통계량
substance,물질/실체
summary,요약
permit,허가하다/허가증
protein,단백질
teenager,십대
photograph,사진
throat,목구멍
tourism,관광/관광업
plenty,풍부함/충분함
tower,탑
transition,전환/이행
population,인구
trap,덫/함정
practical,실용적인/실제적인
presence,존재/참석
president,대통령/회장
principal,주요한/교장
principle,원칙/원리
print,인쇄하다/출력하다
prison,감옥/교도소
turn,돌다/차례
professional,전문적인/전문가
property,재산/부동산/특성
vegetable,채소/야채
row,열/줄/노를 젓다
provision,제공/대비/식량
sheet,시트/종이 한 장
race,인종/경주
rank,계급/순위를 매기다
ready,준비된
recommendation,추천/권고
water,물
reflect,반사하다/반영하다
region,지역/지방
shirt,셔츠
relation,관계/관련
relax,휴식을 취하다/완화하다
release,풀어주다/발표하다
relevant,관련된/적절한
which,어느/어떤
rely,의지하다/신뢰하다
voter,유권자
represent,대표하다/나타내다
witness,목격자/증언하다
would,~할 것이다
ring,반지/울리다
write,쓰다
joint,공동의/관절
reserve,예약하다/비축
pupil,학생/눈동자
sample,견본/샘플
scientist,과학자
seat,좌석/자리
secret,비밀/비결
secretary,비서/장관
security,보안/안전
seriously,진지하게/심각하게
session,세션/기간
pitch,던지다/음조/경기장
second,초/두 번째
hour,시간
fault,잘못/결함
shoe,신발
shot,발사/주사
god,신/하나님
sight,시력/시야
sign,기호/신호/서명하다
signal,신호
muscle,근육
enterprise,기업/사업
site,장소/현장/사이트
skin,피부/가죽
company,회사/일행
slowly,느리게/천천히
smile,미소/미소 짓다
symptom,증상
revolution,혁명/회전
amendment,개정/수정
carbon,탄소
square,정사각형/광장
cousin,사촌
insight,통찰력
orange,주황색/오렌지
tournament,토너먼트/대회
bin,쓰레기통
stock,주식/재고
strongly,강하게/강력히
structure,구조/건축물
studio,스튜디오/작업실
style,스타일/방식
emotion,감정/정서
mother,어머니
succeed,성공하다/뒤를 잇다
slice,조각/썰다
disk,디스크/원반
resolution,결의안/해결/해상도
suspect,의심하다/용의자
switch,스위치/바꾸다
negotiation,협상/교섭
welfare,복지
taste,맛/취향
tear,눈물/찢다
technology,기술
family,가족
television,텔레비전
temperature,온도/기온
theory,이론
species,종
dozen,12개/다스
tie,묶다/넥타이/무승부
phrase,구/구절
tool,도구/연장
touch,만지다/촉각
gesture,몸짓/제스처
city,도시
tradition,전통
bell,종/벨
disorder,장애/무질서
troop,군대/무리
true,사실인/진짜의
chicken,닭/닭고기
union,노조/결합/조합
user,사용자
variety,다양성/품종
convention,관습/대회
victim,피해자/희생자
violence,폭력/격렬함
lot,많은/몫/부지
truck,트럭
wake,깨다/일어나다
mail,우편/메일
wear,입다/착용하다
weather,날씨
wed,결혼하다
west,서쪽
agenda,의제/안건
gaze,응시하다/시선
far,멀리/훨씬
counter,계산대/반대하다
passage,통로/구절
wood,나무/목재
heavily,무겁게/심하게
much,많은/많이
writer,작가/저자
aircraft,항공기
motor,모터/발동기
ability,능력
cloud,구름
leather,가죽
inch,인치
above,~위에
abortion,낙태
motion,운동/움직임
web,웹/거미줄
absolutely,절대적으로/완전히
minority,소수/소수 민족
mechanism,기계 장치/구조
accept,받아들이다/수락하다
edition,판/간행물
access,접근/이용
trail,오솔길/자취
circle,원/동그라미
accord,일치/협정
account,계좌/설명/계정
day,날/하루/낮
era,시대/연대
achieve,성취하다/달성하다
chairman,의장/회장
manufacturer,제조업자/제조사
acquire,얻다/습득하다
server,서버/종업원
pilot,조종사/파일럿
act,행동하다/행위
action,행동/조치
active,활동적인/적극적인
actor,배우
actual,실제의/사실상의
lover,연인/애호가
ad,광고
refugee,난민
addition,추가/덧셈
additional,추가의
address,주소/연설하다/해결하다
scholar,학자/장학생
researcher,연구원
terrorist,테러리스트
admit,인정하다/입장을 허락하다
adopt,입양하다/채택하다
adult,어른/성인
advance,전진/진보
advantage,이점/유리함
servant,하인/종
advertise,광고하다
advice,조언/충고
critic,비평가/평론가
rival,경쟁자/라이벌
affair,일/사건
affect,영향을 미치다
afford,~할 여유가 있다
afraid,두려워하는
advertisement,광고
afternoon,오후
log,통나무/일지
draft,초안/징병
drama,드라마/연극
agency,대리점/기관
laboratory,실험실
agent,대리인/요원
pub,술집/펍
shelter,피난처/보호소
agree,동의하다
agreement,합의/협정
resort,휴양지/의지하다
ahead,앞으로/앞에
aid,도움/지원
aim,목표/겨냥하다
air,공기/공중
end,끝/끝나다
elderly,노인들/나이 든
platform,플랫폼/단상
panel,패널/토론단
rose,장미/일어났다
chamber,방/실
restriction,제한/규제
storage,저장/창고
clause,절/조항
uniform,제복/유니폼/균일한
website,웹사이트
alone,혼자/홀로
dish,접시/요리
cooperation,협력/협동
cat,고양이
adjustment,조정/조절
seed,씨앗
cigarette,담배
alternative,대안/대체의
tip,팁/끝/조언
chip,칩/조각
coin,동전
amaze,놀라게 하다
gap,차이/격차/틈
magic,마법
amount,양/총계
analysis,분석
mission,임무/사명
area,지역/구역
premise,전제/부지
equation,방정식/등식
faith,믿음/신앙
animal,동물
announce,발표하다/알리다
castle,성
annual,연간의/매년의
bias,편견/편향
stake,말뚝/이해관계/지분
fool,바보/속이다
emergency,비상사태/응급
chocolate,초콜릿
democracy,민주주의
anybody,누구든지/아무도
column,기둥/칼럼
anyone,누구든지/아무도
professor,교수
anyway,어쨌든
apart,떨어져/따로
toy,장난감
it,그것
absence,결석/부재
apparently,듣자하니/보아하니
appeal,호소하다/매력
appear,나타나다/보이다
port,항구
appreciate,감사하다/진가를 알아보다
approach,접근하다/접근법
appropriate,적절한/알맞은
metal,금속
approve,승인하다/찬성하다
car,차/자동차
bike,자전거
plastic,플라스틱
argue,주장하다/다투다
virus,바이러스
arm,팔/무장시키다
army,군대/육군
child,아이/어린이
arrest,체포하다/체포
arrive,도착하다
article,기사/물품/조항
artist,예술가/화가
logic,논리/타당성
blog,블로그
victory,승리
assess,평가하다
fence,울타리/펜스
noun,명사
poem,시
association,협회/연관성
assume,가정하다/떠맡다
index,색인/지수
journal,잡지/일기
cheese,치즈
initiative,주도권/계획
vision,시력/비전/환상
capable,유능한/할 수 있는
attack,공격/공격하다
attempt,시도/시도하다
attend,참석하다/주의를 기울이다
mobile,이동하는/휴대폰
attention,주의/주목
attract,끌다/매혹하다
efficient,효율적인
over,~너머로/끝난
suitable,적절한/적합한
recognition,인식/인정
luck,운/행운
available,이용 가능한/시간이 있는
average,평균/평균의
avoid,피하다/방지하다
award,상/수여하다
aware,알고 있는
report,보고서/보고하다
participation,참여/참가
survival,생존
baby,아기
background,배경
limitation,제한/한계
opposition,반대/야당
bag,가방/봉투
balance,균형/잔고
ball,공/무도회
expansion,확장/팽창
bank,은행/둑
acquisition,습득/인수
presentation,발표/프레젠테이션
assistance,도움/원조
basic,기본적인/기초
basis,기초/근거
announcement,발표/공지
battle,전투/싸움
creation,창조/창작
beach,해변
bear,곰/참다/품다
beat,이기다/때리다/박자
beautiful,아름다운
registration,등록/기재
development,발달/개발
involvement,관여/참여
bed,침대
legislation,입법/법률
infection,감염/전염병
transportation,교통수단/운송
laughter,웃음
behavior,행동/태도
behind,~뒤에
sanction,제재/허가
entertainment,오락/연예
belong,속하다/제자리에 있다
below,~아래에
venture,벤처/모험
game,게임/경기
work,일하다/작업/직장
benefit,이익/혜택
real,진짜의/현실의
woman,여자/여성
privilege,특권/영광
anxious,불안해하는/열망하는
beyond,~너머에/뛰어넘는
subsequently,그 후에/나중에
breath,숨/호흡
beer,맥주
universe,우주
bill,지폐/청구서/법안
world,세계/세상
membership,회원/멤버십
bird,새
household,가정/가구
virtually,사실상/가상으로
black,검은색/검은
barely,간신히/거의 ~않다
though,비록 ~일지라도
expenditure,지출/비용
block,블록/차단하다
blood,피/혈액
output,생산량/출력
blow,불다/타격
blue,파란색/우울한
board,판/이사회/탑승하다
boat,보트/배
body,몸/신체
quantity,양/수량
excess,초과/과잉
story,이야기/층
man,남자/사람
compromise,타협/절충하다
discount,할인
layer,층/겹
deficit,적자/부족액
rat,쥐
bottom,맨 아래/바닥
country,나라/국가/시골
box,상자
boy,소년/남자아이
brain,뇌/두뇌
slope,경사/비탈
hill,언덕
county,자치주/군
contest,대회/경연
adventure,모험
brief,짧은/간단한
adviser,고문/조언자
bright,밝은/똑똑한
interpretation,해석/통역
wound,상처/부상
broad,넓은/폭넓은
bid,입찰/명령하다
brother,형제
settlement,합의/정착
sequence,순서/연속
budget,예산
creature,생물/피조물
hell,지옥
burn,타다/화상
unlike,~와 달리
neighborhood,이웃/동네
bus,버스
busy,바쁜
shade,그늘/색조
territory,영토/지역
desert,사막/버리다
zone,구역/지대
harbor,항구
province,주
dispute,논쟁
camera,카메라
camp,캠프
approximately,대략
naturally,자연스럽게
cancer,암
even,심지어
what,무엇
league,리그
capacity,용량
capital,수도
along,~을 따라
ago,~전에
card,카드
before,~전에
career,경력
soon,곧
carefully,주의 깊게
always,항상
carry,나르다
young,젊은
cash,현금
whenever,~할 때마다
ever,언제든
originally,원래
meanwhile,그 동안에
catch,잡다
category,범주
during,~동안
then,그러면
cell,세포
initially,처음에
central,중심의
century,세기
now,지금
certain,확실한
chair,의자
nowadays,요즘
challenge,도전
regularly,정기적으로
fascinate,매혹하다
moderate,적당한
chance,기회
out,밖으로
chapter,장
character,성격
charge,요금
tail,꼬리
storm,폭풍
bread,빵
belt,벨트
truly,진실로
cheap,싼
check,확인하다
liquid,액체
framework,틀
firstly,첫째로
aggressive,공격적인
chief,최고의
equivalent,동등한
mature,성숙한
smart,똑똑한
choice,선택
choose,선택하다
prompt,즉각적인
circumstance,상황
keen,예리한
citizen,시민
native,토착의
eastern,동쪽의
claim,주장하다
in,~안에
no,아니
contemporary,현대의
clean,깨끗한
poverty,빈곤
clearly,분명히
genuine,진짜의
climb,오르다
record,기록
clock,시계
vast,방대한
idea,생각
of,~의
club,클럽
coach,코치
historic,역사적인
extraordinary,비범한
corporation,기업
code,암호
coffee,커피
large,큰
cold,추운
hand,손
collect,모으다
collection,수집
college,대학
fiction,소설
combine,결합하다
album,앨범
mystery,신비
comfortable,편안한
commercial,상업적인
commit,저지르다
committee,위원회
common,흔한
uncle,삼촌
communication,의사소통
community,지역사회
house,집
compare,비교하다
comparison,비교
office,사무실
school,학교
competition,경쟁
publisher,출판사
personally,개인적으로
complete,완전한
completely,완전히
complex,복잡한
via,~을 경유하여
widely,널리
beside,~옆에
flexible,유연한
observation,관찰
pleasant,즐거운
controversial,논란의 여지가 있는
fortune,운
effect,효과
computer,컴퓨터
infant,유아
concept,개념
random,무작위의
concert,콘서트
conclude,결론짓다
conclusion,결론
distinct,뚜렷한
conduct,행동하다
confidence,자신감
coat,코트
confirm,확인하다
conflict,갈등
money,돈
information,정보
connect,연결하다
connection,연결
consequence,결과
gray,회색
yellow,노란색
carpet,카펫
first,첫 번째의
consideration,고려
consist,구성되다
western,서부의
airline,항공사
absolute,절대적인
whole,전체의
altogether,완전히
construction,건설
exact,정확한
all,모든
literary,문학의
consumer,소비자
contact,연락하다
contain,포함하다
urban,도시의
royal,왕실의
context,문맥
institutional,제도적인
presumably,아마
contrast,대조
contribution,기여
agricultural,농업의
organic,유기농의
political,정치적인
classical,고전적인
conversation,대화
sexual,성적인
convince,설득하다
cook,요리하다
cool,시원한
public,공공의
abstract,추상적인
copy,복사하다
corporate,기업의
retail,소매
correct,정확한
inner,내부의
mental,정신적인
genetic,유전적인
online,온라인의
council,의회
ethnic,민족의
count,세다
tank,탱크
inflation,인플레이션
temporary,일시적인
couple,부부
court,법원
dialog,대화
cover,덮다
accurate,정확한
free,자유로운
policy,정책
envelope,봉투
roof,지붕
wet,젖은
bloody,피투성이의
offense,범죄
festival,축제
credit,신용
hook,갈고리
crisis,위기
critical,비판적인
destruction,파괴
coal,석탄
cross,건너다
crowd,군중
pot,냄비
cry,울다
culture,문화
cup,컵
profile,옆모습
current,현재의
currently,현재
reliable,믿을 수 있는
architecture,건축
customer,고객
cut,자르다
cycle,주기
although,비록 ~일지라도
daily,매일의
damage,손상
explanation,설명
dance,춤추다
danger,위험
dangerous,위험한
criteria,기준
dark,어두운
filter,필터
data,데이터
unusual,드문
date,날짜
daughter,딸
hard,단단한
dead,죽은
pollution,오염
dear,친애하는
death,죽음
debate,토론
decade,10년
mess,엉망
decision,결정
depth,깊이
decline,감소하다
deep,깊은
height,높이
phase,단계
defense,방어
injure,상처를 입히다
define,정의하다
definitely,틀림없이
definition,정의
degree,정도
deliver,배달하다
delivery,배달
demand,요구
helpful,도움이 되는
universal,보편적인
voluntary,자발적인
violent,폭력적인
deny,부인하다
department,부서
depend,의존하다
immediate,즉각적인
chart,차트
alcohol,알코올
fall,떨어지다
describe,묘사하다
description,묘사
while,~하는 동안
whilst,~하는 동안
design,디자인
sensitive,민감한
desk,책상
despite,~에도 불구하고
visible,보이는
detail,세부 사항
soft,부드러운
apparent,명백한
determine,결정하다
clear,명확한
potato,감자
device,장치
impression,인상
mood,기분
die,죽다
electricity,전기
adequate,적절한
difference,차이
enough,충분한
each,각각의
difficult,어려운
difficulty,어려움
everywhere,어디에나
test,시험
case,경우
dinner,저녁 식사
direct,직접적인
directly,직접적으로
director,감독
good,좋은
stimulate,자극하다
numerous,수많은
distant,먼
silver,은
veteran,베테랑
consultant,컨설턴트
discover,발견하다
reason,이유
discuss,논의하다
discussion,논의
disease,질병
demonstration,시위
extension,연장
further,더 나아가
giant,거대한
display,전시하다
crucial,중대한
distance,거리
remote,원격의
sheep,양
pig,돼지
dad,아빠
district,구역
anxiety,불안
motivation,동기
divide,나누다
tension,긴장
joy,기쁨
document,문서
dog,개
dollar,달러
friendship,우정
door,문
double,두 배의
doubt,의심
hunger,배고픔
concern,우려
grateful,감사하는
ashamed,부끄러운
confident,자신 있는
uncertainty,불확실성
draw,그리다
dream,꿈
dress,드레스
drink,마시다
sad,슬픈
driver,운전자
drop,떨어지다
drug,약
dry,마른
due,~할 예정인
she,그녀
ultimately,궁극적으로
duty,의무
dust,먼지
solid,고체의
steady,꾸준한
earn,벌다
earth,지구
start,시작하다
easily,쉽게
term,용어
shelf,선반
easy,쉬운
eat,먹다
economic,경제의
edge,가장자리
conventional,전통적인
fruit,과일
boot,부츠
education,교육
because,~때문에
forever,영원히
effective,효과적인
per,~당
so,그래서
why,왜
effort,노력
egg,계란
sir,선생님
format,형식
election,선거
lucky,운이 좋은
hence,그러므로
through,~을 통하여
element,요소
across,가로질러
else,다른
since,~이래로
e-mail,이메일
face,얼굴
tennis,테니스
emerge,나타나다
golf,골프
preparation,준비
present,현재의
sale,판매
down,아래로
employ,고용하다
employee,직원
into,~안으로
alright,괜찮은
empty,빈
enable,가능하게 하다
honest,정직한
encourage,격려하다
sand,모래
more,더 많은
energy,에너지
engage,관여하다
tall,키가 큰
enjoy,즐기다
empire,제국
tune,곡조
ensure,보장하다
enter,들어가다
government,정부
jury,배심원단
personnel,직원/종업원/인사과
entire,전체의
bunch,다발
pile,더미
type,유형
environment,환경
environmental,환경의
sort,종류
equal,동일한
constantly,끊임없이
subsequent,그 다음의
equipment,장비
constant,일정한
error,오류
especially,특히
briefly,간단히
essential,필수적인
establish,설립하다
still,여전히
late,늦은
frequent,빈번한
weekly,매주의
evening,저녁
event,사건
eventually,결국
prior,이전의
sudden,갑작스러운
everybody,모두
routine,일상적인
everyone,모든 사람
everything,모든 것
early,일찍
evidence,증거
rapid,빠른
continuous,지속적인
satisfaction,만족
exactly,정확히
shell,껍질
bone,뼈
concrete,구체적인
excellent,훌륭한
except,~을 제외하고
tooth,이
important,중요한
exchange,교환하다
possible,가능한
brilliant,훌륭한
wealthy,부유한
executive,경영진
exercise,운동
employment,고용
exist,존재하다
expand,확장하다
thick,두꺼운
sick,아픈
angry,화난
expensive,비싼
nervous,불안한
experiment,실험
sharp,날카로운
expert,전문가
explain,설명하다
sufficient,충분한
export,수출하다
guilty,유죄의
old,오래된
express,표현하다
expression,표현
fortunate,운이 좋은
already,이미
extent,[측정되는]정도/범위/크기
awareness,인식
extra,여분의
weak,약한
sure,확신하는
extremely,극도로
possession,소유
variable,변수
facility,시설
creative,창조적인
factor,요인
factory,공장
independence,독립
fail,실패하다
failure,실패
fair,공정한
able,할 수 있는
regional,지역의
psychological,심리적인
mayor,시장
familiar,친숙한
tight,꽉 조이는/팽팽한
famous,유명한
fan,팬
upper,위쪽의
top,정상
frequency,빈도
farm,농장
way,방법
fashion,패션
fast,빠른
enormous,거대한
father,아버지
people,사람들
favor,호의
favorite,가장 좋아하는
feature,특징
federal,연방의
fee,요금
notion,개념
female,여성의
hypothesis,가설
same,같은
whether,~인지 아닌지
reflection,반사
field,들판
fight,싸우다
next,다음의
fill,채우다
film,영화
significance,중요성
final,마지막의
finally,마침내
finance,재정
financial,재정적인
issue,문제
fine,좋은
finger,손가락
finish,끝내다
fire,불
firm,단단한
properly,제대로
reasonably,합리적으로
perfectly,완벽하게
fish,물고기
fit,맞다
fix,고치다
stable,안정적인
well,잘
flat,평평한
firmly,단단히
flight,비행
successfully,성공적으로
floor,바닥
flow,흐름
fly,날다
focus,집중하다
hopefully,바라건대
gently,부드럽게
typically,전형적으로
dramatically,극적으로
faithfully,충실하게
foot,발
football,축구
automatically,자동으로
literally,문자 그대로
foreign,외국의
forest,숲
significantly,상당히
forget,잊다
somehow,어떻게든
differently,다르게
effectively,효과적으로
furthermore,게다가
former,이전의
also,또한
equally,똑같이
forward,앞으로
precisely,정확히
roughly,대략
rarely,드물게
surprisingly,놀랍게도
freedom,자유
wherever,어디에나
against,~에 반대하여
southern,남쪽의
abroad,해외로
fresh,신선한
overseas,해외의
friendly,친절한
elsewhere,다른 곳에서
northern,북쪽의
front,앞
partly,부분적으로
there,거기
among,~사이에
full,가득 찬
fully,완전히
fun,재미있는
function,기능
primarily,주로
fund,자금
respectively,각각
funny,웃긴
at,~에
under,~아래에
least,최소의
between,~사이에
how,어떻게
anywhere,어디든
garden,정원
gas,가스
every,모든
gather,모으다
grand,웅장한
comprehensive,포괄적인
instruction,지시
database,데이터베이스
general,일반적인
generate,생성하다
generation,세대
hint,힌트
proof,증거
interior,내부
sake,이익/목적
remarkable,놀라운
attraction,매력
gift,선물
girl,소녀
if,만약
glad,기쁜
intervention,개입
glass,유리
global,세계적인
social,사회의
goal,목표
theoretical,이론적인
gold,금
product,제품
furniture,가구
profession,직업
evaluation,평가
only,오직
maintenance,유지
spare,여분의
grade,등급
piano,피아노
gentle,온화한
experience,경험
wise,현명한
silly,어리석은
grant,승인하다
stupid,어리석은
shore,해안
coast,연안
estate,부동산
big,큰
green,녹색의
wealth,부
ocean,바다
ground,땅
long,긴
cow,소
growth,성장
guarantee,보장하다
guess,추측하다
guest,손님
guide,안내하다
substantial,상당한
considerable,상당한
guy,남자
hair,머리카락
extensive,광범위한
maximum,최대
handle,다루다
permanent,영구적인
after,~후에
happy,행복한
discovery,발견
divorce,이혼
hardly,거의 ~아니다
power,힘
ownership,소유권
hate,싫어하다
secondary,부차적인
pale,창백한
comedy,코미디
health,건강
healthy,건강한
probably,아마도
heart,마음
heat,열
medicine,약
heavy,무거운
menu,메뉴
catalog,목록
small,작은
somewhat,다소
alive,살아있는
around,주위에
knife,칼
herself,그녀 자신
nerve,신경
tube,관
hide,숨기다
valley,계곡
highly,매우
rail,철도
himself,그 자신
mortgage,대출
tender,부드러운
minimum,최소
printer,프린터
hit,치다
golden,황금의
wooden,나무로 된
hole,구멍
holiday,휴일
prime,주요한
implementation,실행
loud,시끄러운
quietly,조용히
reduction,감소
attractive,매력적인
person,사람
horse,말
hospital,병원
hot,뜨거운
multiple,다수의
often,자주
fuel,연료
huge,거대한
human,인간
capability,능력
dimension,차원
surgery,수술
husband,남편
letter,편지
salary,급여
compensation,보상
identify,식별하다
deposit,예금
ignore,무시하다
evil,사악한
increasingly,점점 더
several,몇몇의
mom,엄마
grandmother,할머니
up,위로
immediately,즉시
to,~에게
promotion,승진
very,매우
strict,엄격한
salt,소금
together,함께
importance,중요성
by,~에 의하여
impossible,불가능한
most,가장
vital,필수적인
thirst,갈증
improve,개선하다
improvement,향상
innovation,혁신
close,닫다
anymore,더 이상
silence,침묵
illegal,불법의
nothing,아무것도
unable,할 수 없는
indeed,정말로
unlikely,~할 것 같지 않은
independent,독립적인
crazy,미친
within,~이내에
individual,개인
industry,산업
dirty,더러운
open,열다
rare,드문
influence,영향
inform,알리다
never,결코 ~않다
initial,초기의
unknown,알려지지 않은
nearby,근처의
bad,나쁜
little,작은
innocent,무죄인
light,빛
away,떨어져
low,낮은
inside,내부에
badly,심하게
nowhere,아무데도
confusion,혼란
instance,사례
instead,대신에
institution,기관
lazy,게으른
few,거의 없는
insurance,보험
pure,순수한
different,다른
new,새로운
intend,의도하다
fancy,화려한
false,거짓의
rough,거친
minor,사소한
internal,내부의
international,국제적인
silent,조용한
ordinary,평범한
thin,얇은
interview,면접
loose,느슨한
introduce,소개하다
introduction,소개
occasionally,가끔
invest,투자하다
investigate,조사하다
investigation,조사
investment,투자
ill,아픈
invite,초대하다
one,하나
group,그룹
island,섬
density,밀도
age,나이
item,항목
itself,그 자체
he,그
gradually,점차
join,가입하다
monthly,월간의
weird,이상한
about,~에 대하여
democratic,민주적인
intellectual,지적인
judge,판사
judgment,판단
jump,뛰다
brown,갈색의
qualification,자격
frequently,자주
fat,지방
right,오른쪽
today,오늘
key,열쇠
kid,아이
kill,죽이다
a,하나의
any,어떤
kitchen,부엌
another,또 다른
again,다시
ski,스키
knowledge,지식
labor,노동
planet,행성
lack,부족
land,땅
either,둘 중 하나
once,한 번
largely,주로
kind,친절한
laugh,웃다
almost,거의
launch,시작하다
law,법
lay,놓다
merely,단지
just,그저
liberal,진보적인
leader,지도자
leadership,리더십
electronic,전자의
folk,사람들
civilian,민간인
charity,자선
supplier,공급자
establishment,설립
base,기초
left,왼쪽
leg,다리
legal,합법적인
besides,게다가
forth,앞으로
length,길이
yard,마당
external,외부의
panic,공황
portrait,초상화
pink,분홍색
library,도서관
lie,거짓말하다
lift,들어올리다
segment,부분
share,공유하다
likely,~할 것 같은
limit,제한
portion,부분
link,연결
wing,날개
list,목록
listen,듣다
mind,마음
neck,목
eye,눈
literature,문학
nose,코
tongue,혀
load,짐
module,모듈
location,위치
fragment,파편
emphasis,강조
ideal,이상적인
week,주
gay,게이
immigrant,이민자
loss,손실
hero,영웅
peer,또래
lovely,사랑스러운
employer,고용주
member,회원
substitute,대체하다
you,당신
lunch,점심
student,학생
machine,기계
athlete,운동선수
magazine,잡지
champion,챔피언
main,주요한
mainly,주로
maintain,유지하다
governor,주지사
major,주요한
majority,다수
holder,소지자
specialist,전문가
male,남성의
poet,시인
manage,관리하다
management,경영
manager,매니저
manner,방식
manufacture,제조하다
friend,친구
map,지도
maker,제작자
mark,표시
this,이것
marriage,결혼
marry,결혼하다
personality,성격
match,성냥
parent,부모
material,재료
injury,부상
illustration,삽화
curtain,커튼
flag,깃발
skirt,치마
maybe,아마도
tissue,조직
gate,문
stomach,위
measure,측정하다
center,중심
jail,감옥
gallery,미술관
medical,의료의
home,집
medium,중간의
intention,의도
program,프로그램
grass,풀
memory,기억
musical,음악의
mention,언급하다
opera,오페라
proud,자랑스러운
poetry,시
tent,텐트
message,메시지
approval,승인
implication,함축
method,방법
middle,중간
vessel,선박
mile,마일
military,군대의
passion,열정
mine,나의 것
conservative,보수적인
minister,장관
cost,비용
matter,문제
formation,형성
publication,출판
mix,혼합하다
recovery,회복
interaction,상호작용
market,시장
withdraw,철회하다
modern,현대의
penalty,형벌
justice,정의
humor,유머
beauty,아름다움
monitor,감시하다
charm,매력
darkness,어둠
stability,안정성
weakness,약점
moreover,게다가
tendency,경향
scope,범위
mostly,주로
class,수업
resistance,저항
state,상태
pension,연금
job,직업
emotional,감정적인
mountain,산
mouth,입
academic,학업의
movement,움직임
movie,영화
criminal,범죄자
scientific,과학적인
murder,살인
romantic,낭만적인
museum,박물관
clinical,임상의
structural,구조적인
local,지역의
racial,인종의
myself,내 자신
rural,시골의
educational,교육의
fundamental,근본적인
nation,국가
national,국가의
presidential,대통령의
natural,자연의
calm,침착한
nature,자연
near,가까운
inquiry,조사
nearly,거의
necessarily,반드시
necessary,필요한
honor,명예
permission,허가
high,높은
moon,달
guideline,지침
neighbor,이웃
grammar,문법
acceptable,받아들일 수 있는
too,너무
network,네트워크
complaint,불평
autumn,가을
news,뉴스
newspaper,신문
paragraph,단락
nice,멋진
grain,곡물
period,기간
nobody,아무도
nor,~도 아니다
normal,정상적인
normally,보통
north,북쪽
religion,종교
system,시스템
apartment,아파트
mutual,상호간의
notice,알아차리다
essay,에세이
episode,에피소드
novel,소설
alongside,나란히
plain,명백한
aunt,이모
nuclear,핵의
mere,단순한/겨우 ~에 불과한
town,마을
nurse,간호사
object,물건
objective,목표
pocket,주머니
stamp,우표
observe,관찰하다
obvious,분명한
obviously,분명히
bit,조금
stream,시내
occur,발생하다
cap,모자
less,더 적은
cheek,뺨
snow,눈
answer,대답
officer,경찰관
official,공식적인
part,부분
oil,기름
okay,괜찮은
prisoner,죄수
dealer,상인
designer,디자이너
pro,찬성
buyer,구매자
politician,정치인
slave,노예
operate,작동하다
operation,수술
shareholder,주주
opinion,의견
opportunity,기회
opposite,반대의
listener,청취자
option,선택
historian,역사가
ally,동맹
operator,운영자
enemy,적
organization,조직
volunteer,자원봉사자
mate,친구
otherwise,그렇지 않으면
ought,해야 하다
reporter,기자
stranger,낯선 사람
supplement,보충
variation,변화
problem,문제
outside,밖의
other,다른
overall,전반적인
luxury,사치
achievement,성취
mixture,혼합물
impressive,인상적인
owner,소유자
time,시간
pack,싸다
page,페이지
pain,고통
paint,그리다
exception,예외
hat,모자
paper,종이
classic,고전의
biological,생물학적인
disaster,재난
park,공원
burden,짐/부담
participate,참가하다
incentive,장려금
particular,특정한
particularly,특히
smooth,부드러운
partner,동반자
outcome,결과
pass,통과하다
composition,구성
priority,우선순위
path,길
patient,환자
pattern,무늬
pause,일시 정지
fact,사실
payment,지불
peace,평화
preference,선호
compound,화합물
prize,상
constraint,제약
indication,징후
obligation,의무
visual,시각적인
percent,퍼센트
percentage,백분율
perfect,완벽한
assumption,가정
perform,수행하다
performance,공연
perhaps,아마도
thing,것
pen,펜
rather,오히려
personal,개인의
tone,어조
alarm,경보
music,음악
perspective,관점
representation,대표
celebration,축하
ceremony,의식
phone,전화
photo,사진
gear,장비
physical,물리적인
rate,비율
pick,고르다
picture,그림
piece,조각
championship,선수권 대회
from,~로부터
ease,쉬움
gender,성별
attendance,출석
existence,존재
comfort,편안함
exposure,노출
plane,비행기
happiness,행복
plant,식물
complexity,복잡성
diversity,다양성
stair,계단
player,선수
tale,이야기
please,제발
pleasure,기쁨
plus,더하기
side,측면
guitar,기타
attachment,부착
barrier,장벽
philosophy,철학
police,경찰
history,역사
mathematics,수학
politics,정치
dramatic,극적인
flash,섬광
pool,수영장
poor,가난한
pop,팝
popular,인기 있는
formal,공식적인
number,숫자
lecture,강의
position,위치
positive,긍정적인
sweet,달콤한
examination,시험
possibility,가능성
exam,시험
possibly,아마
post,우편
potentially,잠재적으로
concentration,집중
potential,잠재적인
pound,파운드
selection,선택
entry,입장
immigration,이민
powerful,강력한
practice,연습
bath,목욕
shower,샤워
east,동쪽
measurement,측정
predict,예측하다
prefer,선호하다
chest,가슴
outline,개요
king,왕
meat,고기
unemployment,실업
prepare,준비하다
ear,귀
half,절반
I,나
prospect,전망
press,누르다
pressure,압력
discipline,규율
narrative,이야기
pretty,예쁜
prevent,예방하다
previous,이전의
previously,이전에
peak,정점
diet,식단
self,자신
primary,주요한
consequently,결과적으로
string,끈
wire,철사
book,책
anything,무엇이든
private,사적인
something,무엇인가
brush,붓
view,견해
clothing,의류
careful,주의 깊은
future,미래
procedure,절차
proceed,진행하다
pregnancy,임신
produce,생산하다
retirement,은퇴
production,생산
night,밤
deeply,깊이
submit,제출하다
profit,이익
acknowledge,인정하다
progress,진전
project,프로젝트
promise,약속하다
promote,촉진하다
pretend,~인 체하다
behave,행동하다
help,도움
proper,적절한
do,하다
proposal,제안
propose,제안하다
process,과정
protect,보호하다
protection,보호
crack,갈라지다
seem,~인 것 같다
prove,증명하다
question,질문
bless,축복하다
spell,철자를 쓰다/말하다
can,~할 수 있다
live,살다
attach,붙이다
feel,느끼다
pull,당기다
hear,듣다
purchase,구매하다
exceed,초과하다
purpose,목적
sit,앉다
push,밀다
remain,남다
differ,다르다
regret,후회하다
quality,품질
result,결과
quarter,4분의 1
lose,잃다
quick,빠른
quickly,빨리
quiet,조용한
need,필요하다
stand,서다
quote,인용하다
freeze,얼다
recover,회복하다
radio,라디오
disappear,사라지다
rain,비
raise,올리다
undertake,떠맡다
range,범위
become,~이 되다
arise,발생하다
react,반응하다
expect,예상하다
reckon,계산하다
lean,기대다
burst,터지다
split,나누다
sigh,한숨 쉬다
remember,기억하다
import,수입하다
reaction,반응
construct,건설하다
reader,독자
insure,보험에 들다
reality,현실
realize,깨닫다
love,사랑
send,보내다
embarrass,당황하게 하다
reasonable,합리적인
move,움직이다
recall,기억해 내다
convert,전환하다
recent,최근의
recently,최근에
update,갱신하다
adapt,적응하다
recognize,알아보다
recommend,추천하다
transform,변형시키다
translate,번역하다
edit,편집하다
red,빨간색
reduce,줄이다
wipe,닦다
refer,언급하다
reference,참조
shut,닫다
reform,개혁하다
integrate,통합하다
refuse,거절하다
regard,여기다
follow,따르다
return,돌아오다
register,등록하다
reach,도달하다
meet,만나다
regular,규칙적인
cluster,무리
compose,구성하다
regulation,규정
relate,관련시키다
relationship,관계
relative,상대적인
relatively,비교적
eliminate,제거하다
retain,유지하다
religious,종교적인
drive,운전하다
wrap,포장하다
make,만들다
invent,발명하다
remind,상기시키다
cope,대처하다
remove,제거하다
rent,임대하다
devote,바치다
repeat,반복하다
replace,대신하다
reply,대답하다
want,원하다
price,가격
representative,대표자
request,요청
require,필요로 하다
requirement,필요조건
weigh,무게를 달다
research,연구
grow,자라다
resident,거주자
derive,끌어내다
control,통제하다
detect,발견하다
find,찾다
consult,상담하다
exhibit,전시하다
resource,자원
respect,존경
play,놀다
respond,대답하다
response,대답
responsibility,책임
responsible,책임이 있는
rest,휴식
restaurant,식당
fulfill,이행하다
rush,서두르다
use,사용하다
continue,계속하다
begin,시작하다
solar,태양의
consume,소비하다
be,있다
anticipate,예상하다
reveal,드러내다
revenue,수익
undergo,겪다
review,검토
show,보여주다
praise,칭찬하다
protest,항의하다
neglect,방치하다
rich,부유한
admire,존경하다
ride,타다
occupy,차지하다
rise,오르다
risk,위험
river,강
road,도로
rock,바위
role,역할
roll,구르다
resolve,해결하다
calculate,계산하다
root,뿌리
compute,계산하다
like,좋아하다
round,둥근
route,경로
trace,추적하다
stop,멈추다
repair,수리하다
rule,규칙
study,공부하다
specialize,전공하다
chase,뒤쫓다
safe,안전한
safety,안전
pursue,추구하다
cough,기침
evaluate,평가하다
poll,투표
learn,배우다
recruit,모집하다
buy,사다
receive,받다
deserve,받을 만하다
satisfy,만족시키다
save,구하다
qualify,자격을 얻다
scale,규모
persuade,설득하다
excuse,변명
scene,장면
schedule,일정
scheme,계획
communicate,의사소통하다
support,지지하다
science,과학
pay,지불하다
deal,다루다
score,점수
justify,정당화하다
screen,화면
sea,바다
assign,할당하다
search,검색하다
season,계절
reward,보상
offer,제공하다
entitle,자격을 주다
section,부분
sector,부문
secure,안전한
lend,빌려주다
yield,산출하다
seek,찾다
dedicate,바치다
sink,가라앉다
select,선택하다
reverse,뒤집다
accompany,동반하다
sell,팔다
visit,방문하다
senior,연장자
sense,감각
develop,개발하다
sentence,문장
separate,분리하다
distribute,분배하다
series,연속
serious,심각한
give,주다
serve,제공하다
disagree,동의하지 않다
negotiate,협상하다
settle,해결하다
mean,의미하다
think,생각하다
keep,유지하다
sex,성별
dare,감히 ~하다
know,알다
shake,흔들다
shall,~할 것이다
shape,모양
involve,포함하다
encounter,마주치다
possess,소유하다
dominate,지배하다
correspond,일치하다
assist,돕다
boost,신장시키다
sponsor,후원자
shift,이동하다
crash,충돌하다
ship,배
shock,충격
shoot,쏘다
shop,가게
tap,가볍게 두드리다
short,짧은
knock,두드리다
embrace,포옹하다
harm,해를 끼치다
incorporate,포함하다
point,가리키다
unite,연합하다
isolate,격리하다
preserve,보존하다
understand,이해하다
significant,중요한
resign,사임하다
abandon,버리다
allow,허락하다
underlie,기저를 이루다
counsel,조언
similar,비슷한
simple,간단한
simply,간단히
care,돌봄
sing,노래하다
single,단일의
read,읽다
watch,보다
sister,자매
stare,응시하다
glance,흘끗 보다
situation,상황
size,크기
scan,살펴보다
skill,기술
fade,희미해지다
service,서비스
sleep,자다
sustain,유지하다
alter,바꾸다
decide,결정하다
slightly,약간
boom,호황
pour,붓다
slow,느린
swear,맹세하다
scream,비명을 지르다
bet,내기하다
smoke,연기
try,시도하다
provide,제공하다
shine,빛나다
craft,공예
society,사회
revise,수정하다
software,소프트웨어
note,메모
soldier,군인
complicate,복잡하게 하다
solution,해결책
solve,해결하다
change,바꾸다
somebody,누군가
increase,증가하다
someone,누군가
regulate,규제하다
sometimes,때때로
impress,깊은 인상을 주다
somewhere,어딘가에
son,아들
song,노래
frighten,겁먹게 하다
sorry,미안한
trick,속임수
motivate,동기를 부여하다
source,원천
south,남쪽
scare,겁주다
space,공간
depress,우울하게 하다
inspire,영감을 주다
speaker,발표자
special,특별한
anger,분노
bore,지루하게 하다
interest,관심
specific,특정한
speech,연설
speed,속도
include,포함하다
enhance,향상시키다
stretch,늘이다
spirit,정신
cause,원인
ban,금지하다
sport,스포츠
spot,장소
spread,퍼지다
spring,봄
bend,구부리다
seal,봉인하다
staff,직원
stage,단계
trigger,촉발하다
strengthen,강화하다
confuse,혼란스럽게 하다
assure,장담하다
level,수준
standard,기준
star,별
constitute,구성하다
comprise,포함하다
pump,펌프
statement,성명
station,역
status,지위
create,창조하다
stain,얼룩
step,단계
stick,막대기
greet,인사하다
suggest,제안하다
cite,인용하다
stone,돌
stir,젓다
breathe,숨쉬다
store,상점
wander,돌아다니다
leap,뛰어오르다
straight,곧은
dig,파다
strange,이상한
fold,접다
strategy,전략
put,놓다
street,거리
strength,힘
go,가다
stress,스트레스
hurry,서두르다
slide,미끄러지다
strike,치다
swing,흔들리다
come,오다
walk,걷다
strong,강한
run,달리다
struggle,투쟁하다
owe,빚지다
rid,없애다
stuff,물건
disappoint,실망시키다
let,내버려 두다
perceive,인식하다
distinguish,구별하다
get,얻다
appoint,임명하다
success,성공
successful,성공적인
govern,통치하다
mount,오르다
suddenly,갑자기
suffer,고통받다
have,가지다
call,부르다
take,가져가다
suggestion,제안
suit,정장
situate,위치시키다
sum,합계
click,클릭하다
summer,여름
sun,태양
bite,물다
restrict,제한하다
supply,공급하다
exclude,제외하다
suppose,가정하다
breed,번식하다
defend,방어하다
surface,표면
input,입력
surprise,놀라움
restore,복구하다
surround,둘러싸다
survey,설문 조사
pose,제기하다
survive,살아남다
place,장소
bury,묻다
grab,움켜쥐다
borrow,빌리다
sweep,쓸다
swim,수영하다
interpret,해석하다
rescue,구조하다
remark,발언
table,탁자
value,가치
tell,말하다
joke,농담
blame,비난하다
damn,빌어먹을
declare,선언하다
apologize,사과하다
accuse,고발하다
tape,테이프
target,목표
task,일
tax,세금
taxi,택시
tea,차
teach,가르치다
teacher,선생님
team,팀
technical,기술적인
technique,기법
telephone,전화
criticize,비판하다
talk,말하다
tend,~하는 경향이 있다
ask,묻다
steal,훔치다
broadcast,방송하다
dismiss,해고하다
cast,던지다
break,깨다
install,설치하다
expose,드러내다
lead,이끌다
slip,미끄러지다
text,텍스트
evolve,진화하다
grin,활짝 웃다
shout,외치다
ruin,망치다
theater,극장
theme,주제
themselves,그들 자신
implement,실행하다
found,설립하다
summarize,요약하다
allege,주장하다
therefore,그러므로
specify,명시하다
float,뜨다
cancel,취소하다
hesitate,망설이다
disturb,방해하다
suspend,매달다
retire,은퇴하다
threat,위협
threaten,위협하다
emphasize,강조하다
throughout,도처에
throw,던지다
thus,따라서
ticket,표
urge,촉구하다
till,~까지
analyze,분석하다
win,이기다
tire,타이어
overcome,극복하다
title,제목
accomplish,성취하다
collapse,붕괴하다
imply,암시하다
tomorrow,내일
advise,조언하다
tackle,다루다
tonight,오늘 밤
entertain,즐겁게 하다
bring,가져오다
happen,일어나다
topic,주제
total,총
totally,완전히
tough,힘든
tour,관광
tourist,관광객
strip,벗기다
toward,~을 향하여
bother,괴롭히다
chat,수다를 떨다
whisper,속삭이다
track,자취
trade,무역
traditional,전통적인
traffic,교통
educate,교육하다
thank,감사하다
transfer,옮기다
aside,곁에
consider,고려하다
transport,수송하다
believe,믿다
travel,여행하다
treat,대하다
treatment,치료
tree,나무
trend,경향
trial,재판
stroke,뇌졸중
sail,항해하다
trip,여행
trouble,문제
resist,저항하다
compete,경쟁하다
trust,신뢰하다
truth,진실
spin,회전하다
twist,비틀다
look,보다
twice,두 번
figure,수치
hold,잡다
spend,쓰다
typical,전형적인
force,힘
say,말하다
speak,말하다
see,보다
smell,냄새 맡다
march,행진/행진하다
unclear,불분명한
defeat,패배시키다
pray,기도하다
strain,부담
soil,흙
head,머리
rear,뒤쪽의
unfortunately,불행하게도
journey,여행
unique,독특한
unit,단위
therapy,치료
upset,속상한
van,승합차
university,대학교
pipe,파이프
unless,~하지 않으면
twin,쌍둥이
ratio,비율
vice,악덕
climate,기후
blind,눈먼
raw,날것의
upon,~위에
beneath,~아래에
illness,질병
word,단어
meter,미터
year,연도
useful,유용한
usual,보통의
usually,보통
minute,분
ugly,못생긴
yet,아직
until,~까지
could,~할 수 있었다
but,그러나
various,다양한
vary,다르다
ourselves,우리 자신
vehicle,차량
everyday,매일의
actually,실제로
version,버전
with,~와 함께
might,~할지도 모른다
secondly,두 번째로
should,~해야 한다
or,또는
some,약간의
the,그
video,비디오
we,우리
village,마을
they,그들
and,그리고
both,둘 다
must,~해야 한다
without,~없이
versus,~대
visitor,방문객
for,~을 위해
that,저것
voice,목소리
volume,부피
may,~일지도 모른다
than,~보다
vote,투표하다
wait,기다리다
will,~할 것이다
wall,벽
functional,기능적인
electric,전기의
war,전쟁
warm,따뜻한
warn,경고하다
wash,씻다
waste,낭비하다
digital,디지털의
wave,파도
experimental,실험적인
train,기차
really,정말
precise,정확한
mad,미친
terrible,끔찍한
weapon,무기
awful,끔찍한
severe,심각한
weekend,주말
massive,거대한
fantastic,환상적인
weight,무게
great,위대한
welcome,환영하다
extreme,극단적인
greatly,크게
radical,근본적인
ancient,고대의
newly,최근에
whatever,무엇이든
moment,순간
parallel,평행한
slight,약간의
whereas,~인 반면에
steel,강철
intense,강렬한
horrible,끔찍한
tiny,아주 작은
quite,꽤
white,흰색
form,형태
curious,궁금한
competitive,경쟁적인
wide,넓은
sound,소리
wife,아내
wild,야생의
mode,방식
yes,네
wind,바람
window,창문
wine,와인
custom,관습
winter,겨울
who,누구
food,음식
name,이름
wish,바라다
probability,확률
hello,안녕하세요
hi,안녕
excitement,흥분
wonder,궁금해하다
wonderful,놀라운
invitation,초대
pregnant,임신한
youth,청춘
worker,노동자
pride,자부심/긍지
worry,걱정하다
worth,가치
hope,희망하다
boundary,경계
wrong,잘못된
rice,쌀
yeah,응
sugar,설탕
determination,결심
cable,케이블
yesterday,어제
surely,확실히
rapidly,빠르게
regardless,~에 상관없이
not,아니다
yourself,너 자신
verb,동사
when,언제
where,어디에
candidate,후보자
language,언어
conference,회의
efficiency,효율성
partnership,동반자 관계
valuable,가치 있는
criticism,비판
own,소유하다
